mean,mean,std,std,ref,ref,3,4,5,6,7,8,9,10,11,12,13,14,15,mc_avg,mc_std,mc_err,measured
1.057875722793396145e+00,-3.947801902198788682e-02,1.168095660545709125e+00,1.219353559846992896e+00,1.100000000000000000e+01,1.100000000000000000e+01,3.905907832878621200e+00,6.351345089300982849e+00,5.573301062060614264e+00,6.625367465559751423e+00,6.018858893204296123e+00,6.708273777241423375e+00,5.991282074374670863e+00,6.704640210442253334e+00,5.945037836788835683e+00,6.676564839067449242e+00,6.031041677958675074e+00,6.639013833948092191e+00,6.137155762755707400e+00,6.418497718593433099e+00,8.305785682524076563e+00,8.305785682524076396e-02,6.408744823000000146e+00
5.596346592651536556e-01,1.237826164992841260e+00,1.031391537958577631e+00,3.792920125520995445e-01,1.100000000000000000e+01,1.100000000000000000e+01,1.334697305589144012e+00,1.674622161950947596e+00,1.925521496342729177e+00,1.573070155161039763e+00,2.072126259557170780e+00,1.528916646207123753e+00,2.039738886031080334e+00,1.672525624204114880e+00,2.006442148614246523e+00,1.759805539460328250e+00,1.975550652365379412e+00,1.816996835061978954e+00,1.947009415671190569e+00,1.889561062120701074e+00,4.062210003089869126e+00,4.062210003089869459e-02,1.876031234000000048e+00
1.054220070481167282e+00,8.388610754044397710e-01,6.668577573419874893e-01,7.293042758529163505e-01,1.100000000000000000e+01,1.100000000000000000e+01,5.895178672944200171e-01,6.135253663887065834e-01,4.859614812953676477e-01,7.525359374822940817e-01,5.014924396940431128e-01,6.967871403855080414e-01,6.163544853177777005e-01,6.770971953159117263e-01,6.688942335548966334e-01,6.711648654037887241e-01,6.775961012858253696e-01,6.472035276479540800e-01,6.590126227712477247e-01,6.388004376527857131e-01,1.898049975265010847e+00,1.898049975265010680e-02,6.556900005000000364e-01
2.027683437211270645e-01,4.680630687013496161e-01,8.598710748916635893e-01,1.925520624659356195e-01,1.100000000000000000e+01,1.100000000000000000e+01,1.703878230489171974e+00,3.049775487491471537e+00,2.554696314112063771e+00,2.977082293791250667e+00,2.812842362106815486e+00,2.935950460018645902e+00,2.854243189691486382e+00,2.897127698299452270e+00,2.874465394821659636e+00,2.872958904833965654e+00,2.883624509310904749e+00,2.857453159888669436e+00,2.885923192559319617e+00,2.829035637471852382e+00,4.664416978100397237e+00,4.664416978100396904e-02,2.848581026999999821e+00
1.172715893051237135e+00,-2.727377179924456718e-01,6.359555933811080752e-01,1.004098621904114363e+00,1.100000000000000000e+01,1.100000000000000000e+01,4.063480855291001781e+00,5.815719664270234013e+00,5.228757488234841766e+00,5.662163179904682764e+00,5.622621080153185069e+00,5.629527673384146169e+00,5.647889555916639104e+00,5.614937904705111116e+00,5.624880018213973543e+00,5.597433274374014722e+00,5.637856428623073235e+00,5.574580493167311523e+00,5.654796005373140311e+00,5.493885891904835006e+00,6.690009010496178909e+00,6.690009010496178465e-02,5.588919065999999880e+00
1.600387011731655984e-01,9.697776535060910197e-01,1.015071636893901008e+00,4.933837708810649425e-01,1.100000000000000000e+01,1.100000000000000000e+01,1.841366286968222798e+00,3.772564034552207790e+00,2.915444511886492229e+00,3.620101858153769836e+00,3.291382118183416861e+00,3.591738226059254746e+00,3.337701830372649781e+00,3.563144191804563654e+00,3.362268170663798017e+00,3.535577264063091807e+00,3.397341929391776372e+00,3.505935073916528033e+00,3.420134273498864452e+00,3.449912274886505426e+00,5.467794813859122804e+00,5.467794813859122582e-02,3.433662989000000110e+00
7.347142230718977096e-01,9.708474631039817337e-01,4.782581270209839142e-01,1.137533614961751871e+00,1.100000000000000000e+01,1.100000000000000000e+01,1.258812170905661443e+00,9.725644279661080915e-01,1.502019993732316872e+00,1.367275671268827875e+00,1.592237457945812507e+00,1.478733312544830092e+00,1.491790159284960060e+00,1.518287670204724549e+00,1.390434398068351562e+00,1.560345835669614489e+00,1.293254572084109100e+00,1.572465142171344477e+00,1.344106095620993591e+00,1.541016470598701948e+00,3.781158179714934953e+00,3.781158179714935036e-02,1.472613151000000009e+00
1.127029774974776188e+00,1.077234133698590224e+00,5.219604684403061912e-01,1.114741650890447300e+00,1.100000000000000000e+01,1.100000000000000000e+01,9.363501180849062022e-01,6.911548441894110884e-01,1.095455383053636877e+00,9.847249638723777343e-01,1.048657435835534946e+00,1.115844360126593715e+00,8.761577539699635375e-01,1.144978992885876012e+00,8.635020906995616308e-01,1.125398933614386143e+00,9.550610834311525910e-01,1.092589705821455759e+00,1.011849684975239194e+00,1.043490818245952578e+00,3.079868443272284484e+00,3.079868443272284345e-02,1.029556431999999910e+00
5.322016016104968994e-02,2.145387705709864701e-01,1.141266193756410141e+00,8.328516804306864696e-01,1.100000000000000000e+01,1.100000000000000000e+01,4.181944873588023803e+00,7.955205395726347106e+00,6.307508341117652684e+00,7.794472853260875134e+00,6.987376817481639968e+00,7.696329212390991437e+00,7.120086437251063494e+00,7.617899368044767527e+00,7.194683075788935511e+00,7.564113610622309913e+00,7.243698780185050978e+00,7.525530648723764315e+00,7.278042351778727159e+00,7.347102387240008525e+00,8.639792166103420712e+00,8.639792166103420212e-02,7.401521094999999661e+00
-7.648267149527160358e-02,8.209589700289626757e-02,9.632446369340242898e-01,1.080201768597868650e+00,1.100000000000000000e+01,1.100000000000000000e+01,5.340411848785818094e+00,9.781213472650330587e+00,7.748325178871552588e+00,9.627336201570628305e+00,8.522083099830748409e+00,9.530859175278372675e+00,8.688808297685310933e+00,9.449906027485427629e+00,8.791226486907277149e+00,9.393311690435291794e+00,8.859772755271469791e+00,9.352120002675823329e+00,8.910158341313113795e+00,9.228939929215821181e+00,9.746149796048532821e+00,9.746149796048532432e-02,9.130258934000000437e+00
-1.318544158835846247e-01,9.283912072893650835e-01,7.874398688637237465e-01,4.718479814532206551e-01,1.100000000000000000e+01,1.100000000000000000e+01,2.644992623433917167e+00,4.272751706129240823e+00,3.599120898902257615e+00,4.155100893156196129e+00,3.923426113819195482e+00,4.140507852199830197e+00,3.954396853365579112e+00,4.120380080048091642e+00,3.970927478444274517e+00,4.098362746604077955e+00,3.999882214099260036e+00,4.073025906847346889e+00,4.018464061359217077e+00,4.029865635756580744e+00,5.147645307268329695e+00,5.147645307268329529e-02,4.020793010000000223e+00
6.767499844240093543e-01,1.255208649132125043e+00,9.238227037430460920e-01,9.850857510475745649e-01,1.100000000000000000e+01,1.100000000000000000e+01,1.535614430578222667e+00,1.170385937401587473e+00,1.666203317509870274e+00,1.620461989389633262e+00,1.794360488479140647e+00,1.773062989352996555e+00,1.826634827351841350e+00,1.786705495702470614e+00,1.819083925099586274e+00,1.747976113654970520e+00,1.788693727201928096e+00,1.733624165697481567e+00,1.745196450781258291e+00,1.676575115938625515e+00,3.602672723833438173e+00,3.602672723833438145e-02,1.762956095999999917e+00
1.050569243157914334e+00,6.994599320941807807e-01,8.427725668234608003e-01,1.121910691909191460e+00,1.100000000000000000e+01,1.100000000000000000e+01,1.859918140386153773e+00,1.889318489852120031e+00,2.267153387923717567e+00,1.924711811620126722e+00,2.411941148168871507e+00,2.167084657632435185e+00,2.448793880189350514e+00,2.247093683628127003e+00,2.446516603647910681e+00,2.260561994138964526e+00,2.422691294108494375e+00,2.246680653817056061e+00,2.386676358814224574e+00,2.422582249120922349e+00,4.748461848317168332e+00,4.748461848317168249e-02,2.321131316999999861e+00
5.079332953846227294e-01,8.985973654210458461e-01,1.187130178826930171e+00,6.493348812436163797e-01,1.100000000000000000e+01,1.100000000000000000e+01,2.038382478767155614e+00,3.031741238378481640e+00,2.728717391288947525e+00,2.966270299276989597e+00,3.117115842917672630e+00,2.864057478978645044e+00,3.168863141135741746e+00,2.750449067992287944e+00,3.176228233002191814e+00,2.688674107918532563e+00,3.160461005582341443e+00,2.749220055479799640e+00,3.131990308993321204e+00,2.972265975674570182e+00,5.520613381075266446e+00,5.520613381075266390e-02,2.992895904000000051e+00
1.156866677807242283e+00,3.128928731581767098e-01,1.208688685927728601e+00,9.719637697042706748e-01,1.100000000000000000e+01,1.100000000000000000e+01,2.664654900284628702e+00,3.491508993327100185e+00,3.632094116192194910e+00,3.750330531942541068e+00,3.809606854392776576e+00,3.822975453303537385e+00,3.669010035288958527e+00,3.812628242720256022e+00,3.625041207529301257e+00,3.777368280546366641e+00,3.720233090181291669e+00,3.732650372008973871e+00,3.780208115667723856e+00,3.681657620971876099e+00,5.935707466549255074e+00,5.935707466549255268e-02,3.729704254000000052e+00
9.195569410348758410e-01,1.291466943103557252e+00,8.930920169742259107e-01,9.758940565078908502e-01,1.100000000000000000e+01,1.100000000000000000e+01,1.125900230874334884e+00,9.318317473990298527e-01,9.094290552161650165e-01,1.263603324125900373e+00,1.002471831826546422e+00,1.303925083861165124e+00,9.754750800069125205e-01,1.233056484188733926e+00,1.106505583403616821e+00,1.127163514838237512e+00,1.174629212324985961e+00,1.128207610390254967e+00,1.201368149868381696e+00,1.130127308231562377e+00,2.901249607658370699e+00,2.901249607658370686e-02,1.149821938000000099e+00
1.067533312485686725e+00,5.635887431515814727e-01,8.765125218125191520e-01,1.249366785227164378e+00,1.100000000000000000e+01,1.100000000000000000e+01,2.317153883188608265e+00,3.134578232835980582e+00,3.043295125294365189e+00,3.150679155563715916e+00,3.256350232990243398e+00,3.086399055090151666e+00,3.348514167295197019e+00,2.990309809892556459e+00,3.385478440589746896e+00,2.922440774869162539e+00,3.391238668680458090e+00,2.949772567309193683e+00,3.378431355345176801e+00,3.218605549923289288e+00,5.804069636826592493e+00,5.804069636826592743e-02,3.214223170999999990e+00
1.048468858290581007e+00,-2.182486704228048247e-03,1.248279632421146479e+00,9.700106836102526664e-01,1.100000000000000000e+01,1.100000000000000000e+01,3.323441767560712634e+00,5.221425965707985561e+00,4.821574032933564347e+00,5.581068217249312902e+00,5.217264215909198199e+00,5.715311701161958524e+00,5.183309214249676167e+00,5.746896060711349286e+00,5.136260033181349272e+00,5.743704314838526948e+00,5.089011309071489464e+00,5.724597653577323086e+00,5.161954216992501010e+00,5.609387541526293042e+00,7.545377520093592416e+00,7.545377520093592139e-02,5.507803317999999670e+00
-2.384958133325216501e-01,1.012439801421356034e+00,5.228384503165701691e-01,9.333649112575105322e-01,1.100000000000000000e+01,1.100000000000000000e+01,3.683790471934993871e+00,4.193688159724000997e+00,4.288892236260507751e+00,4.372225910848931640e+00,4.340709743569648005e+00,4.399900784940320442e+00,4.320641013878088188e+00,4.366015333144140698e+00,4.400635844488233417e+00,4.335108020901635939e+00,4.445026214411562648e+00,4.328228440119519682e+00,4.466206321483867647e+00,4.381955754042458295e+00,4.782882774979575480e+00,4.782882774979575757e-02,4.391630733999999592e+00
8.898869264844482263e-01,1.087617322430009192e+00,4.806234546967290688e-01,7.617889857303423717e-01,1.100000000000000000e+01,1.100000000000000000e+01,2.643370685855773727e-01,4.112562283300941202e-01,1.236952526070688313e-01,4.003917464803684045e-01,3.404162259952169256e-01,3.646437968887636938e-01,3.878044508229411269e-01,3.018525406681532575e-01,3.768195937203615009e-01,3.191646959607266076e-01,3.781778727118130790e-01,3.507436585416328634e-01,3.692669596819967981e-01,3.440299805686009571e-01,1.367714347393752972e+00,1.367714347393752909e-02,3.539422273999999757e-01
3.569009612543498910e-01,1.162554986129811230e+00,8.224672193485882410e-01,6.756345970481852925e-01,1.100000000000000000e+01,1.100000000000000000e+01,1.224891418096956341e+00,2.011218764070991760e+00,1.848548689411153800e+00,1.882043397895672543e+00,2.103752978161170351e+00,1.786113287216468448e+00,2.106972781417142393e+00,1.788053927596572557e+00,2.071641650118769995e+00,1.785709024968766157e+00,2.017535576894690319e+00,1.827545504523234943e+00,2.022736602672562611e+00,1.982032831965547581e+00,3.723079963080202948e+00,3.723079963080203059e-02,1.956770319000000091e+00
6.723449714067372129e-01,-2.693263771963536057e-01,5.315470608572757660e-01,7.034382366118194785e-01,1.100000000000000000e+01,1.100000000000000000e+01,4.047160966423792416e+00,5.004475583327320010e+00,4.750710820699650228e+00,5.030914128852190359e+00,5.005328537230077757e+00,4.991399443432371186e+00,5.070255338487489105e+00,4.929162989559010555e+00,5.097374938487612361e+00,4.868491669639825048e+00,5.103211434796108392e+00,4.830389185830588517e+00,5.096778597663694121e+00,4.980594783234535861e+00,5.403066472903293338e+00,5.403066472903293033e-02,4.997447296999999899e+00
-1.208669788022425917e-01,1.100973102677201165e+00,9.602181277903553136e-01,4.836287621263340997e-01,1.100000000000000000e+01,1.100000000000000000e+01,2.818598052777443463e+00,4.782200881673638548e+00,3.948556391921081321e+00,4.708205757560723903e+00,4.300039253356590763e+00,4.675086295683607673e+00,4.364585072348926786e+00,4.634413274256019122e+00,4.412497510497274789e+00,4.593928860382662904e+00,4.441717407053147326e+00,4.580377018959840285e+00,4.457091412408107800e+00,4.561178452934921523e+00,6.044968868873080048e+00,6.044968868873080298e-02,4.500738452000000223e+00
6.425513073878663661e-01,1.788350267993836229e-01,9.599048005335429901e-01,8.287705584283913129e-01,1.100000000000000000e+01,1.100000000000000000e+01,2.819322389649233429e+00,4.064023874390437996e+00,4.088821654692594620e+00,4.092205791574752283e+00,4.430660845407231818e+00,4.247941792873357159e+00,4.411769292355351091e+00,4.313233892229291655e+00,4.379003541143291933e+00,4.344424601062074842e+00,4.345196618163197577e+00,4.357914356750971052e+00,4.312777927485803353e+00,4.275737137803938381e+00,5.941737333514533148e+00,5.941737333514533065e-02,4.301002428000000322e+00
8.655287580686013005e-01,8.090037494837810650e-01,9.776808201651374652e-01,1.253540539122211861e+00,1.100000000000000000e+01,1.100000000000000000e+01,2.485198002112314342e+00,2.213242508201406888e+00,3.296869049465268819e+00,2.522819275161396479e+00,3.406586821394233411e+00,2.906507850528754933e+00,3.228287544756189398e+00,3.082385249850011721e+00,3.075549578155368557e+00,3.166877642476516819e+00,3.010427730580219396e+00,3.203155380634180815e+00,3.024479958043013728e+00,3.143192834622355214e+00,5.775376159860104330e+00,5.775376159860104441e-02,3.095414406999999812e+00
1.002410394336831878e+00,8.444611803602225519e-01,1.082004076454253783e+00,7.246120505021370617e-01,1.100000000000000000e+01,1.100000000000000000e+01,1.446148245762600926e+00,1.091967875667602561e+00,1.566816901446748123e+00,1.550969179119602526e+00,1.442582083849553332e+00,1.692490447543926635e+00,1.398130500157068523e+00,1.702569072475674128e+00,1.342048209338498665e+00,1.663421976673328917e+00,1.456464613391979412e+00,1.603371532777793984e+00,1.531212404090127821e+00,1.550422577045450057e+00,3.607096403638673454e+00,3.607096403638673787e-02,1.550143862999999955e+00
-2.100164279243760257e-01,9.316376894448227253e-01,9.760712862390457101e-01,8.998673782435028246e-01,1.100000000000000000e+01,1.100000000000000000e+01,4.399726326659973985e+00,6.016728180521832670e+00,5.585075661486690102e+00,6.176915090069463155e+00,5.845266332367716977e+00,6.196982689575341041e+00,5.783307768124413606e+00,6.157712924085137374e+00,5.903843551879791818e+00,6.106213026681366784e+00,5.978936721083684347e+00,6.052367678259137129e+00,6.024600483787029503e+00,6.059933070286856349e+00,7.237338018618541646e+00,7.237338018618541535e-02,5.987366596000000207e+00
6.121727144030825185e-01,1.077681632090445873e+00,6.487384011488188662e-01,7.837073696725009864e-01,1.100000000000000000e+01,1.100000000000000000e+01,9.107973293061681908e-01,7.696592561369033358e-01,7.864425865986186537e-01,1.029491390037550413e+00,9.394008220404435061e-01,1.060808810692424053e+00,9.213458621636992918e-01,1.005269789945749670e+00,9.028627647940370426e-01,9.620292144401577650e-01,9.568537682551344625e-01,9.898616381854902224e-01,9.784007965266507956e-01,9.847715934410301575e-01,2.370248496927762183e+00,2.370248496927762280e-02,9.732105411000000483e-01
-1.977545094473106002e-01,-1.472073296194435776e-01,1.243837198725497695e+00,8.973550778868896183e-01,1.100000000000000000e+01,1.100000000000000000e+01,8.036268770007950479e+00,1.229589892006817742e+01,1.061530420613878789e+01,1.215915274626744136e+01,1.139994381838864612e+01,1.206336288394668976e+01,1.153192861331604213e+01,1.197733624590084389e+01,1.160613247785204649e+01,1.191567820565455271e+01,1.165616121876580102e+01,1.187042432109729617e+01,1.169020164483446322e+01,1.185859471057979597e+01,1.155013111042764429e+01,1.155013111042764440e-01,1.172226032000000018e+01
1.285242143371271517e+00,4.249415142901374898e-01,2.675627830557134046e-01,1.021846490317652734e+00,1.100000000000000000e+01,1.100000000000000000e+01,1.452527567583920654e+00,2.267418759289663299e+00,2.172260531898229097e+00,2.169569397899499652e+00,2.375122302230763705e+00,2.112640580147320701e+00,2.375812679558258367e+00,2.069619849432942971e+00,2.365826924747544524e+00,2.040389031323240676e+00,2.352902710189895608e+00,2.029495504328570288e+00,2.339472689523452775e+00,2.233647214939953329e+00,4.366196413644082952e+00,4.366196413644082841e-02,2.237441267999999983e+00
1.116753987168023210e-02,-7.118994768834335796e-02,6.939540529803498448e-01,9.391759540134800854e-01,1.100000000000000000e+01,1.100000000000000000e+01,4.570078905292453086e+00,8.328856161018531878e+00,6.557716545988424350e+00,8.215823394551039272e+00,7.207173979124530838e+00,8.137018759556548630e+00,7.358260808688844357e+00,8.067669231821458453e+00,7.453104535714363266e+00,8.018709264261064007e+00,7.517525989384099994e+00,7.984035374735229063e+00,7.563857126340046477e+00,7.903870367353473370e+00,7.980126117739800407e+00,7.980126117739799740e-02,7.799249084999999582e+00
7.693279015020799694e-01,3.344745924832263073e-01,9.540363169517775965e-01,5.750362189792163070e-01,1.100000000000000000e+01,1.100000000000000000e+01,1.874786704477979349e+00,1.706139898114883424e+00,2.513466704806061269e+00,1.997192878278873707e+00,2.615180765797964213e+00,2.204106987737763035e+00,2.500689893226816896e+00,2.339867347694649879e+00,2.401391866395394370e+00,2.408645203695822801e+00,2.316952043389047144e+00,2.441690592848222430e+00,2.260614914506589912e+00,2.455488464190304754e+00,4.198626255777625715e+00,4.198626255777625910e-02,2.375906935000000164e+00
6.330829683719961798e-01,7.810393575280737410e-01,4.219155070233729377e-01,3.359671354840655377e-01,1.100000000000000000e+01,1.100000000000000000e+01,1.356776843735506277e-01,1.955500591660739029e-01,8.888997125919255449e-02,2.150463164476197619e-01,1.720002015594293832e-01,1.847068186532466183e-01,1.980745019530217310e-01,1.473257509691935363e-01,2.066681288480677892e-01,1.645395077128783967e-01,1.993233287365660245e-01,1.835003239338662551e-01,1.804331260455342423e-01,1.822322098866473727e-01,6.808768238173392717e-01,6.808768238173393099e-03,1.826568648000000128e-01
1.170133910053774429e+00,3.646618175674375406e-01,8.347571817365129210e-01,4.913458443181218382e-01,1.100000000000000000e+01,1.100000000000000000e+01,9.050319633812179410e-01,7.466576204427834984e-01,8.699658365668770932e-01,1.004150764254224448e+00,1.083147840759950631e+00,1.044232408479006002e+00,1.109542532377756352e+00,1.000192654535433601e+00,1.100086952852734834e+00,1.004019750418760237e+00,1.069978689864393484e+00,1.053213783902768208e+00,1.028138951795489753e+00,1.019382518361626522e+00,2.238981797889429082e+00,2.238981797889429137e-02,1.044758453999999892e+00
6.687145359055655103e-01,8.746314245820191458e-02,1.136936325348131493e+00,1.022731518564928166e+00,1.100000000000000000e+01,1.100000000000000000e+01,3.670957002823316273e+00,6.057412980529976565e+00,5.457665903001779562e+00,5.852456740573926730e+00,5.980813405702708252e+00,5.938783631193318868e+00,6.017889236191511948e+00,6.041090630389394533e+00,6.020834300842322406e+00,6.098322729118601515e+00,6.011866463656184933e+00,6.131246820260447095e+00,5.998968971590220356e+00,6.096872172214520269e+00,8.052960456311174298e+00,8.052960456311174242e-02,6.044585677999999795e+00
2.478975652564543442e-01,5.445470904969614834e-01,7.056814506391705377e-01,1.159078049748373918e+00,1.100000000000000000e+01,1.100000000000000000e+01,3.041782599705010082e+00,4.606280727437539468e+00,4.444784864787603595e+00,4.420983728640371702e+00,4.834531600014336128e+00,4.313365998823613268e+00,4.832121424584637559e+00,4.231609394558589088e+00,4.811115024847429922e+00,4.269877839119040175e+00,4.785322041148520000e+00,4.335418807536767005e+00,4.758950773722019356e+00,4.580451372230074369e+00,6.537313663200571057e+00,6.537313663200571001e-02,4.580651263000000029e+00
6.550264594907505566e-01,2.619530703403663008e-01,1.164917536160485767e+00,1.218328889411798510e+00,1.100000000000000000e+01,1.100000000000000000e+01,3.871701443383149144e+00,6.202452243960967948e+00,5.738429909684145791e+00,5.958834109998146111e+00,6.275229810442752409e+00,5.921312700635860793e+00,6.298722741470832887e+00,6.026311997044571989e+00,6.289738673361783050e+00,6.086951911622242584e+00,6.270012932350250701e+00,6.123326964821384166e+00,6.246661300556516139e+00,6.098622016689440706e+00,8.485943958378674878e+00,8.485943958378674989e-02,6.137573555000000347e+00
3.791388970734778097e-01,2.432219165107352143e-01,8.947849923823614215e-01,1.078889118894820642e+00,1.100000000000000000e+01,1.100000000000000000e+01,3.544518814755563518e+00,5.981676982782943242e+00,5.265683087157150055e+00,5.791623278233036132e+00,5.778494826384654282e+00,5.687542120026001236e+00,5.827993561854123428e+00,5.607877788950947462e+00,5.842039938274166566e+00,5.553877704679768712e+00,5.842099852296965601e+00,5.545248066123918740e+00,5.835806887833356882e+00,5.703627158671181085e+00,7.441834506293831808e+00,7.441834506293831808e-02,5.701240131999999683e+00
1.868524581423735564e-01,5.045321631178232291e-01,1.240655624260755818e+00,7.793776516355657158e-01,1.100000000000000000e+01,1.100000000000000000e+01,3.499813653743841790e+00,5.796449595471059091e+00,5.197412450726122124e+00,5.689855760270876139e+00,5.696768747738408578e+00,5.794029965194934739e+00,5.735270115988925888e+00,5.831049342364169163e+00,5.740863645865985632e+00,5.846761993473706731e+00,5.734181959307453447e+00,5.851722125838958455e+00,5.722350662554743117e+00,5.728822472093240137e+00,7.926025128606572601e+00,7.926025128606573045e-02,5.745283957999999913e+00
-2.371990455238447981e-01,9.204523555523925760e-01,1.017408200962924170e+00,4.124819739585757761e-01,1.100000000000000000e+01,1.100000000000000000e+01,3.910248516719504686e+00,5.736247102658558639e+00,5.105918222381905736e+00,5.654388526633923107e+00,5.459918182435888667e+00,5.618055774720153828e+00,5.498288581618338000e+00,5.576297254835282047e+00,5.529681392721370159e+00,5.535484997292671849e+00,5.546736943864358338e+00,5.516368976726097273e+00,5.553257339904765111e+00,5.438863055685260406e+00,6.712682684730130411e+00,6.712682684730129912e-02,5.506234817000000170e+00
-2.139552004208085667e-01,5.233185086272573727e-02,5.769782022191449755e-01,1.019986045884065051e+00,1.100000000000000000e+01,1.100000000000000000e+01,5.638895706339868141e+00,8.784416369672067404e+00,7.545464741751840343e+00,8.674047170590714728e+00,8.130321526563804468e+00,8.600160487176390589e+00,8.225444845800911509e+00,8.536630393634766278e+00,8.276746900440638655e+00,8.492273208470379586e+00,8.310990923505233496e+00,8.459894620903069651e+00,8.335247687843631681e+00,8.380293264219091043e+00,8.111668217200261211e+00,8.111668217200261599e-02,8.426065054000000387e+00
7.200372769123781769e-01,8.597091386818168646e-01,1.063543599983268972e+00,4.839547950205193017e-01,1.100000000000000000e+01,1.100000000000000000e+01,1.284175995808904069e+00,1.264776426670275233e+00,1.807486115888197631e+00,1.358368395943900353e+00,1.959785757229801417e+00,1.560144492473853006e+00,1.891651839825475356e+00,1.690557908827602596e+00,1.809078508772538063e+00,1.760986383790524634e+00,1.742196588051919681e+00,1.794981657562546351e+00,1.709889100547534735e+00,1.748101974978373940e+00,3.941445555991660132e+00,3.941445555991660021e-02,1.739714414999999903e+00
1.658837635425296497e-01,1.281268720215978263e+00,1.210145488218387300e+00,8.844685489888118868e-01,1.100000000000000000e+01,1.100000000000000000e+01,2.455377820482790518e+00,4.712448876712936219e+00,3.488485667643208110e+00,4.657362018016099725e+00,4.067578549994563808e+00,4.530130170742406648e+00,4.207813602311119006e+00,4.381708557756901712e+00,4.270611345578733342e+00,4.382729872602794785e+00,4.290344265738059271e+00,4.396778758947893273e+00,4.284737342550533512e+00,4.280778480554184640e+00,6.585003864279929786e+00,6.585003864279929953e-02,4.313448498999999714e+00
8.515296814321273722e-01,-2.962487884876154332e-01,7.280847867846698129e-01,1.226265410034455661e+00,1.100000000000000000e+01,1.100000000000000000e+01,5.351712743327637689e+00,7.423012457383990181e+00,6.704586060351529930e+00,7.476332506209677931e+00,7.036563942141073724e+00,7.437182710170702649e+00,7.182678786223378964e+00,7.360770962253827321e+00,7.264632955795237379e+00,7.285099491267565952e+00,7.309065828383350727e+00,7.214764515366315578e+00,7.330084489181256657e+00,7.291247163931667608e+00,8.636632093579638791e+00,8.636632093579638125e-02,7.237621768000000344e+00
-1.968261204294707578e-01,5.128952281274852254e-01,4.301728844255613415e-01,9.064450801541926728e-01,1.100000000000000000e+01,1.100000000000000000e+01,4.025776506470276850e+00,4.852531993383385256e+00,5.092928329301041224e+00,4.721641137326949789e+00,5.356079533642029489e+00,4.733487124534603296e+00,5.319400243042709420e+00,4.837852309545557006e+00,5.277641124872668676e+00,4.919160844756579998e+00,5.238126253739411986e+00,4.998856212662905030e+00,5.202178592791361744e+00,5.111887148575395834e+00,5.390629048841076632e+00,5.390629048841076576e-02,5.102864553999999941e+00
1.146278260358347234e+00,7.465834171824973220e-01,5.734802000459964244e-01,4.016308765816239967e-01,1.100000000000000000e+01,1.100000000000000000e+01,8.777741340556609317e-03,1.758361941712033305e-01,7.332568469157413338e-02,5.918389245994308545e-02,1.578723638778721516e-01,1.034537050232407218e-01,1.224974363090764601e-01,1.340621976338527144e-01,9.127571982602557255e-02,1.396154320677131799e-01,1.110472860324104305e-01,1.243312015930666953e-01,1.266778007226191383e-01,1.242888131548369468e-01,6.201442299877953923e-01,6.201442299877953784e-03,1.195760193999999971e-01
6.121138190750406993e-01,3.309069556247877797e-01,6.709446906766671770e-01,8.811628156260056244e-01,1.100000000000000000e+01,1.100000000000000000e+01,2.148644712961096825e+00,2.857919276616848414e+00,2.993662522033464946e+00,2.982014153798949518e+00,3.180885814764168540e+00,3.014239287750795082e+00,3.107140685927472390e+00,3.003190598678878054e+00,3.036372505549406409e+00,2.981189105896306479e+00,3.061279467592813219e+00,2.955431916514726698e+00,3.092793362442601168e+00,3.014123464938643693e+00,4.795224031058930692e+00,4.795224031058930442e-02,3.042006826000000164e+00
7.230462722784944951e-01,-1.974906414100057184e-01,5.270776428032478700e-01,6.053791600536360118e-01,1.100000000000000000e+01,1.100000000000000000e+01,3.169854390841796654e+00,4.131534146517273243e+00,3.725114099253312272e+00,4.135171970187120571e+00,4.048222348361014689e+00,4.078309450240303669e+00,4.108357473398394966e+00,4.003090839953579838e+00,4.130626278454037958e+00,3.956383815152315186e+00,4.132105115302672438e+00,3.971868547048530207e+00,4.121369185735396456e+00,4.014969854142933947e+00,4.499695731665316778e+00,4.499695731665316611e-02,4.047217623999999958e+00
5.007595126367383465e-01,5.146289638940987343e-01,1.244175775113130822e+00,2.716353433028541597e-01,1.100000000000000000e+01,1.100000000000000000e+01,2.025221029878338630e+00,3.269549460086064840e+00,3.029526351596723899e+00,3.101010916684872498e+00,3.337482065106647688e+00,3.041953276192663314e+00,3.338794301444226065e+00,2.995397822898453910e+00,3.315385230997255572e+00,2.960311310408274110e+00,3.309791301980296918e+00,2.930674639793569014e+00,3.300629203491521224e+00,3.197452562755425554e+00,5.928619843960505342e+00,5.928619843960505204e-02,3.172284090999999862e+00
3.812889831406959251e-01,-2.365125163453901669e-02,7.012703367366621698e-01,1.143035214782513131e+00,1.100000000000000000e+01,1.100000000000000000e+01,3.868874084344365638e+00,6.830099606050032968e+00,5.701280436723312306e+00,6.676758564918414685e+00,6.267662829197553798e+00,6.595722862792308128e+00,6.353595825913290973e+00,6.650114760042334261e+00,6.395395569786440859e+00,6.680339028644675992e+00,6.418646469899185192e+00,6.697576365481235250e+00,6.434245930320428464e+00,6.672014578737194945e+00,8.233608097201265963e+00,8.233608097201265685e-02,6.600594371999999765e+00
-1.797211290941041484e-01,-2.146792458359962907e-01,8.705454604441036359e-01,8.522395978017763829e-01,1.100000000000000000e+01,1.100000000000000000e+01,7.581914651568015806e+00,1.073037511327234839e+01,9.637092951299370824e+00,1.062476528169573875e+01,1.025358319779010152e+01,1.054155426239051785e+01,1.033977208421913119e+01,1.046450691477245876e+01,1.038432951987005737e+01,1.040962677527153701e+01,1.040908974451612323e+01,1.037392317107162576e+01,1.042259220059097125e+01,1.030245589099617121e+01,9.252218685833520695e+00,9.252218685833520084e-02,1.035066620999999998e+01
8.682789021279553321e-01,7.077458746935904044e-01,7.727328769868849756e-01,8.096643184156832040e-01,1.100000000000000000e+01,1.100000000000000000e+01,1.340702412201730143e+00,1.012115668516638145e+00,1.497455000248110624e+00,1.435691902025060251e+00,1.392028602869905596e+00,1.574079110652936597e+00,1.351264537890793038e+00,1.593223901229468442e+00,1.341884423294492423e+00,1.566916776713707105e+00,1.350744552678285304e+00,1.520732207948965575e+00,1.423201817982621797e+00,1.498154355134188487e+00,3.222711907240532803e+00,3.222711907240533025e-02,1.462423137999999900e+00
-4.622397704250685857e-02,2.510927821932457116e-01,1.200558223986616824e+00,7.610367108867475139e-01,1.100000000000000000e+01,1.100000000000000000e+01,4.562042146497645057e+00,8.241445889926268364e+00,6.682860824744230044e+00,8.085351656729370617e+00,7.352643979172606592e+00,7.989503752861893737e+00,7.475785103661143793e+00,7.911827435435554889e+00,7.544775921089213355e+00,7.858182622048747845e+00,7.589460100060909653e+00,7.819487993084393018e+00,7.621370581488618789e+00,7.724561398011815960e+00,9.017649604105216099e+00,9.017649604105215655e-02,7.748061196000000095e+00
-2.458837552955692174e-01,9.037597730565863907e-01,8.094534182660823030e-01,1.041589854691214345e+00,1.100000000000000000e+01,1.100000000000000000e+01,4.707770816817403059e+00,5.717092851704884460e+00,5.903670547368974120e+00,6.008717321031148195e+00,6.167114907896160680e+00,6.108911441117919061e+00,6.076383490196434423e+00,6.123992256269358947e+00,5.989990294749483191e+00,6.113050632241447957e+00,5.940451829970763598e+00,6.090956226651825567e+00,6.011355825219099280e+00,6.049040085173976067e+00,6.972531061802633268e+00,6.972531061802633712e-02,6.048771129000000357e+00
9.832716502668794600e-01,-1.614560351189935350e-01,1.226484873987910396e+00,1.261862409651289596e+00,1.100000000000000000e+01,1.100000000000000000e+01,5.174092658593190563e+00,7.319519981090298444e+00,7.034671199310555068e+00,7.676587745724685163e+00,7.528348347234423699e+00,7.811733091047003974e+00,7.501440140953324232e+00,7.843872908576169145e+00,7.454345044932911613e+00,7.843107387205822789e+00,7.406316686071008348e+00,7.827322973853362065e+00,7.368461672054144707e+00,7.627845104395481357e+00,9.529256267426330140e+00,9.529256267426329530e-02,7.620216748999999901e+00
-2.763867349690213304e-02,1.184474344108327859e+00,1.263863461281254930e+00,1.015364336129234157e+00,1.100000000000000000e+01,1.100000000000000000e+01,3.387941749147207915e+00,6.143315969070657800e+00,4.761593498945584813e+00,6.235933373397141821e+00,5.126213895440666413e+00,6.202412238197722694e+00,5.375556550768981978e+00,6.117654626687079045e+00,5.525804141853583928e+00,6.028392669405313598e+00,5.617223220318445343e+00,5.942687311648491288e+00,5.671503857721065245e+00,6.020212478185021254e+00,8.122975770783629201e+00,8.122975770783628924e-02,5.843395639999999780e+00
1.217159287836591774e+00,1.035948928428803928e+00,7.824954577602587502e-01,6.801231212057232689e-01,1.100000000000000000e+01,1.100000000000000000e+01,3.073823127258256127e-01,4.938778115848133643e-01,1.407034858053040072e-01,5.165480581810082406e-01,4.091393538711133315e-01,3.659243562388643234e-01,4.786179877280297701e-01,3.096118645287616045e-01,4.794990479793534988e-01,3.824935509494361008e-01,4.397488996301333608e-01,4.271833980458300539e-01,3.765519457952296034e-01,4.142371664711655965e-01,1.482218656757425146e+00,1.482218656757425083e-02,4.102495769999999764e-01
1.245445601219482779e+00,-1.403760347468950564e-01,9.579322720244097811e-01,1.257470101019528164e+00,1.100000000000000000e+01,1.100000000000000000e+01,4.019030085810940456e+00,6.524999624604359560e+00,5.214233293541805203e+00,6.553587714813304821e+00,5.790493049736985753e+00,6.474845469725215352e+00,5.976273045663133665e+00,6.356975123587673693e+00,6.075598183101051042e+00,6.242050402442623991e+00,6.125540266868450878e+00,6.219412823115231248e+00,6.145590716858289504e+00,6.253764558337451263e+00,8.152474636957837362e+00,8.152474636957837695e-02,6.176111426000000293e+00
4.447311420292747730e-01,-1.259567718941479175e-01,1.142067467235342804e+00,7.714535213555834270e-01,1.100000000000000000e+01,1.100000000000000000e+01,4.762237689552156539e+00,7.429326467584856708e+00,6.597464831686084885e+00,7.253873521615265219e+00,7.143609174665407124e+00,7.144369171820546427e+00,7.203738053482433124e+00,7.057287971170898899e+00,7.226535583975507215e+00,7.000647667431536547e+00,7.233517038582019332e+00,6.962532016398770729e+00,7.232669017626228936e+00,7.192824454100231080e+00,7.975203966738988903e+00,7.975203966738989014e-02,7.120971160999999938e+00
2.092395055394171699e-01,-5.465800451966912332e-02,1.013893534653731665e+00,9.680979622298573339e-01,1.100000000000000000e+01,1.100000000000000000e+01,4.770390926141007348e+00,8.638373163553971779e+00,6.961839059260786833e+00,8.479883282770320108e+00,7.656737350951480003e+00,8.382487765141954483e+00,7.790797331835913830e+00,8.303343418210557658e+00,7.870165111332692476e+00,8.248612060246767186e+00,7.921683392323048523e+00,8.209088727545363895e+00,7.956872551048553177e+00,8.058790843315847496e+00,8.906159033061110009e+00,8.906159033061110397e-02,8.062765560000000775e+00
8.164630795824552312e-01,3.322380040627510578e-01,1.230140638955624199e+00,1.000454095164998947e+00,1.100000000000000000e+01,1.100000000000000000e+01,3.210113704896753184e+00,4.292178515262878413e+00,4.629732308262132001e+00,4.290618332794084111e+00,4.993452330447301968e+00,4.492795685067332734e+00,4.943468990359486170e+00,4.581291070403143983e+00,4.882905620791819779e+00,4.625526198199345629e+00,4.824362147868562545e+00,4.646480480782231304e+00,4.770455706821024933e+00,4.602058338874649657e+00,6.917903096046976508e+00,6.917903096046976175e-02,4.698016265999999774e+00
4.299064425004194279e-01,9.907847398168020403e-01,1.106912630975617651e+00,8.723326025276841866e-01,1.100000000000000000e+01,1.100000000000000000e+01,2.306438173024453420e+00,3.248386541017338036e+00,3.101025583979715172e+00,3.315087489600186288e+00,3.226989264068439667e+00,3.284619203122463027e+00,3.314928560008621794e+00,3.214069249154539065e+00,3.380970491440913772e+00,3.140701809287614665e+00,3.411710774936591140e+00,3.070538211838748310e+00,3.420534431659475683e+00,3.204646272011153485e+00,5.559736783339716659e+00,5.559736783339716548e-02,3.275475333999999794e+00
3.993982999876354301e-01,1.192843620266755278e-01,3.501642813889231376e-01,1.153995079580586669e+00,1.100000000000000000e+01,1.100000000000000000e+01,2.728920390738962531e+00,5.073027749537819098e+00,4.010198529958044489e+00,5.045744166032016587e+00,4.387898053353035621e+00,4.999162511409929621e+00,4.514252805110585243e+00,4.943047218863405590e+00,4.595444611516693811e+00,4.894566335551885139e+00,4.645424646939511071e+00,4.852707915802596084e+00,4.676693907102254855e+00,4.793240613142250695e+00,6.946778275834876837e+00,6.946778275834876448e-02,4.747700023000000158e+00
8.512768779553891996e-02,-2.897433610734544973e-01,2.888350840430694566e-01,3.161976093360759354e-01,1.100000000000000000e+01,1.100000000000000000e+01,4.188977537134791262e+00,4.858746572274142750e+00,4.840372772917662658e+00,4.957128996319493552e+00,4.983744817788873682e+00,4.985750863166081182e+00,4.953124860055311274e+00,4.985223434816881571e+00,4.924097139094636866e+00,4.977430391965472545e+00,4.943490507615982743e+00,4.966966937583144670e+00,4.962524173873250177e+00,5.000362839881534960e+00,3.410196169423939327e+00,3.410196169423939522e-02,4.957276880000000219e+00
1.101658523369133169e+00,3.782269774900598458e-01,9.904269521582652613e-01,1.212091793149524754e+00,1.100000000000000000e+01,1.100000000000000000e+01,2.663997901211469621e+00,3.990031132463107699e+00,3.643182559198573145e+00,4.085140914271066848e+00,3.825714664104458151e+00,4.063190773800263500e+00,3.896960363362560464e+00,3.992441860700885137e+00,3.992300306712546654e+00,3.916399338505569094e+00,4.043871899412784465e+00,3.842565048300430774e+00,4.067888897379191349e+00,4.006013144602759368e+00,6.585648234809658774e+00,6.585648234809658719e-02,3.930860941000000164e+00
-2.470590502900938956e-01,1.695964961471872479e-01,8.827503894747162905e-01,1.046984696676430904e+00,1.100000000000000000e+01,1.100000000000000000e+01,6.362484158462967443e+00,9.747869939331019751e+00,8.505065734804944100e+00,9.602689805290333780e+00,9.156688308659155950e+00,9.509890947424020524e+00,9.253977281197208526e+00,9.430832507942440657e+00,9.303318919417611355e+00,9.376175856240390516e+00,9.330418286106874959e+00,9.338262737664626556e+00,9.345433905832278398e+00,9.353825321943121551e+00,9.353816645450685030e+00,9.353816645450685474e-02,9.297712298000000430e+00
8.241833427644025267e-01,5.672908423724521976e-01,1.039654617486316823e+00,1.227116663635763993e+00,1.100000000000000000e+01,1.100000000000000000e+01,2.929472683870856020e+00,3.428898020152574055e+00,4.108066468488524414e+00,3.675302039130027953e+00,4.368627786319818185e+00,3.767486957288042948e+00,4.263789972724850941e+00,3.784244270537953980e+00,4.163559323624767217e+00,3.845932203324102794e+00,4.074585155718876806e+00,3.939199790957842229e+00,3.996379382979978079e+00,3.965576336652308242e+00,6.519979253907599137e+00,6.519979253907598471e-02,4.031831354999999562e+00
4.100283132959007260e-01,-8.176387516527200416e-02,5.484192374556710048e-01,8.557958658424488219e-01,1.100000000000000000e+01,1.100000000000000000e+01,3.381854417551625858e+00,5.024720242989194396e+00,4.628866815609788965e+00,5.186369963410862205e+00,4.983190476106044819e+00,5.246708090066030117e+00,5.004434296560954287e+00,5.257422868927022819e+00,5.008048606772923073e+00,5.254291518903007940e+00,5.004061596529449041e+00,5.245153714382452925e+00,4.996441200438233032e+00,5.193635984769991332e+00,6.128804815403189110e+00,6.128804815403188916e-02,5.120291914000000055e+00
1.087960870031845495e-02,1.012654702402326468e+00,1.078995132529194212e+00,4.447610694678287291e-01,1.100000000000000000e+01,1.100000000000000000e+01,2.121897726655312511e+00,4.691519410940269807e+00,3.418208745482049782e+00,4.600263296662225443e+00,3.850229017607170956e+00,4.557370312904720500e+00,3.956441764937161931e+00,4.511270605137532641e+00,4.031952598462317461e+00,4.468425403408505581e+00,4.081816967151381981e+00,4.451981558560212271e+00,4.113765005382320261e+00,4.378780004684318605e+00,6.400882091552440478e+00,6.400882091552440034e-02,4.327134070999999693e+00
3.943454032292498246e-01,6.297086351111176317e-01,6.393945738146289415e-01,9.839555181839237941e-01,1.100000000000000000e+01,1.100000000000000000e+01,2.184664260171606642e+00,2.270914658553200738e+00,3.029551140828079081e+00,2.191274278377917550e+00,3.209212448731561196e+00,2.550866189504229720e+00,3.123974629327652686e+00,2.737406811125553396e+00,3.044202762961769171e+00,2.844669622432276057e+00,2.974856308981158381e+00,2.908107583357280479e+00,2.914503311429269772e+00,2.893541182656001354e+00,4.764402538853157232e+00,4.764402538853157454e-02,2.888209445999999847e+00
-2.633421315573793442e-01,8.460310574368733461e-01,7.496236635573084728e-01,9.679330086735783434e-01,1.100000000000000000e+01,1.100000000000000000e+01,4.679060537582033774e+00,5.531639483020016179e+00,5.781666748347313423e+00,5.799530851732483505e+00,6.015333608114225683e+00,5.889550292480793203e+00,5.920235860980865183e+00,5.902061545672884435e+00,5.832090431182685109e+00,5.890739714774595015e+00,5.794662171494543657e+00,5.869003839752506835e+00,5.855748287212446890e+00,5.803900194242957333e+00,6.492197432759527764e+00,6.492197432759527764e-02,5.874108349000000118e+00
1.098090328988124531e+00,-2.884371055565773112e-01,7.804951690866835934e-01,1.057241341794477485e+00,1.100000000000000000e+01,1.100000000000000000e+01,4.633983702979803887e+00,6.390916266296632564e+00,5.625818945149919870e+00,6.378748781080900265e+00,6.142743834049234408e+00,6.282570980403252570e+00,6.241530705136907109e+00,6.159322809353339423e+00,6.280258329705491249e+00,6.119183333112400369e+00,6.285628711394428692e+00,6.134516328530605911e+00,6.271474046513141332e+00,6.144800985696862838e+00,7.283315221949680840e+00,7.283315221949680784e-02,6.180675159999999835e+00
7.102031378226889569e-01,1.205919598776199919e+00,1.009901918979112745e+00,4.702315055587833470e-01,1.100000000000000000e+01,1.100000000000000000e+01,1.134925554921431656e+00,8.720255035633777130e-01,1.551419149789524221e+00,1.119220590472009169e+00,1.614677223998307598e+00,1.318026067384666433e+00,1.549584112846513761e+00,1.405630441110726325e+00,1.489791548056305093e+00,1.459309487719680831e+00,1.432715273568906822e+00,1.487610454514820102e+00,1.386740846249945314e+00,1.425353781184638624e+00,3.423043376038722219e+00,3.423043376038722302e-02,1.434722835000000085e+00
9.832560590746377560e-01,4.209921024812663948e-01,8.861382389903675882e-01,1.006600834233944086e+00,1.100000000000000000e+01,1.100000000000000000e+01,2.162749610205599637e+00,2.881265911176327243e+00,2.874753362032416160e+00,2.971596375074823548e+00,2.973838512418510938e+00,2.955945456364528212e+00,3.005297634053814004e+00,2.896404688036284369e+00,3.072381327152458930e+00,2.830623972277551470e+00,3.104809319104279819e+00,2.782594579392854595e+00,3.115474856770007683e+00,3.092215261259124048e+00,5.220236495303912427e+00,5.220236495303912094e-02,2.984149432999999796e+00
1.205058967581287943e+00,8.623060103638909846e-01,1.077575263219981982e+00,1.131155549839367280e+00,1.100000000000000000e+01,1.100000000000000000e+01,1.944153719742188091e+00,1.381936442303085322e+00,2.279619673111217271e+00,2.017643293949292538e+00,2.190519754014349729e+00,2.252184486234607874e+00,2.153664273801212392e+00,2.314634424476928132e+00,2.164744769739217478e+00,2.308338617995115527e+00,2.150671941873394832e+00,2.269924267178760502e+00,2.121353948681995671e+00,2.229987746145004834e+00,4.642151608238828331e+00,4.642151608238828664e-02,2.200754170999999815e+00
-1.937104777718454685e-01,8.964311791998264001e-02,1.177245673187497843e+00,1.200902966479506340e+00,1.100000000000000000e+01,1.100000000000000000e+01,7.024779048314447216e+00,1.191220259998783249e+01,9.809504875206410901e+00,1.173288365310042458e+01,1.068433155109973498e+01,1.162093203401886576e+01,1.085103347968542842e+01,1.152817405722944955e+01,1.094984372509675730e+01,1.146401707310224793e+01,1.101598360274031840e+01,1.141771522999126454e+01,1.106203128012817416e+01,1.126303601340684146e+01,1.165725154809196873e+01,1.165725154809196806e-01,1.120876044999999976e+01
2.504836429557121269e-01,1.326108750338695907e-01,1.109628127979661594e-01,8.968384049976215744e-01,1.100000000000000000e+01,1.100000000000000000e+01,2.052584181511888595e+00,3.768923910172111480e+00,3.045724332279185376e+00,3.699874042149567721e+00,3.359564828859250341e+00,3.660989225042597273e+00,3.415427533302354934e+00,3.625446954202637961e+00,3.448933126971815977e+00,3.597373377022565322e+00,3.470822708929451217e+00,3.580775433688331066e+00,3.485496699321026348e+00,3.547798682136375170e+00,5.287077064068998133e+00,5.287077064068998467e-02,3.511041139000000033e+00
8.143991885968968614e-01,4.232276145815713209e-01,1.452689202713833838e-01,1.250683993241481495e+00,1.100000000000000000e+01,1.100000000000000000e+01,1.993830918933161334e+00,3.438794491264916875e+00,3.035993912056514255e+00,3.316176653230571425e+00,3.346153853665875921e+00,3.244190932183258269e+00,3.373133772179877976e+00,3.189281372024091343e+00,3.379171190596632179e+00,3.151937787809985902e+00,3.377169016173478866e+00,3.125517170050863047e+00,3.371638087603600287e+00,3.286553131936075900e+00,5.978565243027223808e+00,5.978565243027223614e-02,3.256231343000000056e+00
8.327440649897182023e-01,1.134211775520924448e+00,1.194026588556355462e+00,1.193717859630199607e+00,1.100000000000000000e+01,1.100000000000000000e+01,2.415787254050291821e+00,1.879657094710055265e+00,3.071264995762484240e+00,2.459148910183234893e+00,3.100758019258344156e+00,2.804106925388726967e+00,2.867141402046106791e+00,2.943042821046979896e+00,2.732121624885099909e+00,2.994269320951098656e+00,2.766560554399733807e+00,3.000985486886301068e+00,2.777868946992439358e+00,2.893914716760559447e+00,5.545478650297064327e+00,5.545478650297064327e-02,2.863094740000000193e+00
2.927971118446773824e-01,1.194632053065673105e+00,1.113572505893912323e+00,1.250958962400692043e+00,1.100000000000000000e+01,1.100000000000000000e+01,2.994419006070025091e+00,4.204177056245503863e+00,4.148985259281904980e+00,4.462593944051777228e+00,4.388477497190957699e+00,4.532245193319119458e+00,4.262519391657291656e+00,4.517667107279997651e+00,4.223421635998326984e+00,4.478905838643814974e+00,4.330732062556775119e+00,4.431272206129573732e+00,4.399640781752044205e+00,4.394131286248578405e+00,6.893942270222415125e+00,6.893942270222415403e-02,4.366115492999999681e+00
1.282484827753346712e+00,2.926850527477413699e-01,1.162067248378275686e+00,5.279653776144904720e-01,1.100000000000000000e+01,1.100000000000000000e+01,1.595738310664967186e+00,1.567265445418297043e+00,1.870015742556995875e+00,1.777162652997773540e+00,1.800581343050979388e+00,1.837345416126967335e+00,1.807336419220578305e+00,1.886924944355375056e+00,1.892468576981390038e+00,1.881965324075711932e+00,1.936942698604594559e+00,1.851828431016013354e+00,1.954881886289566051e+00,1.890078799713867941e+00,3.707489043133533002e+00,3.707489043133532780e-02,1.877921640000000059e+00
8.647250310003498086e-01,-1.879961030983060277e-01,1.088990214641277321e+00,9.081382202268100112e-01,1.100000000000000000e+01,1.100000000000000000e+01,4.615773913909531956e+00,5.943019406278503780e+00,6.041381565193816527e+00,6.281396728858292811e+00,6.395344190700138931e+00,6.412882977037279275e+00,6.343996486008304458e+00,6.449486270693065570e+00,6.285218454998966919e+00,6.454023321272699398e+00,6.229311647329780044e+00,6.443945999693720950e+00,6.178125356488405551e+00,6.412738297039124014e+00,7.538729412831862930e+00,7.538729412831862708e-02,6.323125788999999664e+00
7.051709199919102833e-01,4.606217991272272272e-01,7.833609681825475235e-01,1.056719448166083541e+00,1.100000000000000000e+01,1.100000000000000000e+01,2.395831644420246320e+00,3.026005032987829857e+00,3.333550959345600084e+00,3.162134868099372387e+00,3.532589421708629107e+00,3.194808651087328588e+00,3.436875173315834253e+00,3.178443483643973000e+00,3.347328969498357676e+00,3.151201371863799672e+00,3.347875933164394358e+00,3.193902929393558576e+00,3.379789474198544585e+00,3.369662520898218716e+00,5.530409171887748165e+00,5.530409171887748498e-02,3.323898983999999945e+00
1.244470299752519882e+00,3.812962987595398534e-01,8.326371939152743540e-01,1.092039680244147881e+00,1.100000000000000000e+01,1.100000000000000000e+01,1.916488904455571962e+00,3.147705414077537789e+00,2.636879512663924174e+00,3.072836464256589295e+00,3.052311955356037831e+00,2.937742600664474679e+00,3.118002503839131467e+00,2.819716525501442916e+00,3.127745930404031593e+00,2.836143324505481900e+00,3.107523289154521251e+00,2.845319802821606459e+00,3.070660370192602517e+00,3.015187740064678046e+00,5.207136391856685087e+00,5.207136391856685004e-02,2.971411545000000043e+00
1.137386405920419064e+00,2.993827559152970608e-01,9.887804466139213933e-01,6.915597774841600875e-01,1.100000000000000000e+01,1.100000000000000000e+01,1.723337601383534423e+00,2.124538032435052237e+00,2.139445391985467460e+00,2.258126102576790917e+00,2.131671899973052842e+00,2.255048137339504599e+00,2.249494825415597088e+00,2.197159821295118665e+00,2.318797698050185208e+00,2.127287415191847941e+00,2.352053659666078822e+00,2.096542335981979921e+00,2.362185162095784552e+00,2.317004666981442806e+00,4.037015082972529534e+00,4.037015082972529589e-02,2.249162901000000048e+00
5.307170955316065086e-01,5.434773721370010913e-01,8.446667306862247759e-01,1.188803836027856997e+00,1.100000000000000000e+01,1.100000000000000000e+01,2.932322996600729148e+00,3.841260113371024687e+00,4.210692026243615160e+00,3.662204955678238338e+00,4.533881811015357144e+00,3.774028810337063611e+00,4.482214174325679146e+00,3.818264692020180373e+00,4.422495655251837299e+00,3.887280125295586863e+00,4.365627867510346150e+00,4.005936239859217984e+00,4.313669053186101721e+00,4.225582416807659669e+00,6.512363643575144856e+00,6.512363643575144745e-02,4.180665688000000380e+00
4.424815014050607065e-01,6.540233419556760186e-01,1.139992233546630818e+00,1.038709089816007625e+00,1.100000000000000000e+01,1.100000000000000000e+01,3.184605823758063003e+00,4.355533222491793310e+00,4.604943053653696161e+00,4.178279653882291278e+00,4.974412205619098692e+00,4.337439477206703309e+00,4.932789000074412122e+00,4.404895841261483369e+00,4.878898742927558985e+00,4.439565508611108768e+00,4.825791389397575237e+00,4.456903300816806635e+00,4.776414389500700963e+00,4.641964143312761415e+00,6.973678445325598219e+00,6.973678445325598441e-02,4.643728397000000285e+00
7.359592830763894700e-01,9.608130814074110626e-01,4.033504248523252511e-01,8.518134131634934603e-01,1.100000000000000000e+01,1.100000000000000000e+01,6.014095331119542198e-01,5.811632114951074124e-01,5.932918878242403604e-01,7.128891767383225275e-01,5.275296459108674840e-01,7.521567305308333173e-01,5.864387530511324664e-01,7.486514934216610406e-01,6.358742163477063558e-01,7.166821912377747683e-01,6.760958185207647242e-01,6.698409256866084682e-01,7.061671441704394647e-01,6.993788737943213984e-01,2.136455960161554479e+00,2.136455960161554382e-02,6.730349773999999563e-01
1.249088777304979692e+00,6.337467310052846692e-02,9.172902153159525618e-01,3.464983355714671420e-01,1.100000000000000000e+01,1.100000000000000000e+01,1.075032603888887550e+00,1.671483347079939952e+00,1.146540041372196894e+00,1.734001215407557916e+00,1.473113697604211403e+00,1.677859920327293697e+00,1.571915298721734633e+00,1.581506542713805530e+00,1.615621419388230562e+00,1.509241001665895698e+00,1.626094329816165640e+00,1.551586670852588279e+00,1.616224084200008848e+00,1.577178064195720708e+00,2.553996704503598281e+00,2.553996704503598211e-02,1.576050332000000109e+00
4.862955793718912734e-01,7.939987619519636164e-01,7.265557218377403093e-01,1.070981992722007892e+00,1.100000000000000000e+01,1.100000000000000000e+01,2.162904218716712901e+00,1.703304267993539955e+00,2.921731260085898008e+00,2.194993162292727007e+00,3.048780590357804243e+00,2.536843316821726368e+00,2.919810049850173783e+00,2.701386473274513200e+00,2.806602564777627595e+00,2.786818485533129497e+00,2.709878682626371216e+00,2.829790077684647631e+00,2.626789954816121764e+00,2.755149337205290649e+00,4.800662010839940486e+00,4.800662010839940735e-02,2.732396173000000150e+00
1.197953326493135684e+00,1.025292723738604916e+00,7.522267337123673681e-01,1.167420773898418362e+00,1.100000000000000000e+01,1.100000000000000000e+01,1.201876651358320558e+00,9.718083998894764264e-01,1.408882676302820158e+00,1.336917662558361863e+00,1.520382527808779471e+00,1.396563581935213127e+00,1.417158111272810439e+00,1.460484008333937433e+00,1.303083487601381263e+00,1.505692109413838020e+00,1.245123991597396396e+00,1.516502224933835574e+00,1.281001531627226075e+00,1.332479196552938783e+00,3.440092934299212146e+00,3.440092934299212452e-02,1.409866916999999997e+00
-2.075402339551526976e-01,-8.988581217183091998e-02,1.221918894152183466e+00,8.390461702376726949e-01,1.100000000000000000e+01,1.100000000000000000e+01,7.450442384611817737e+00,1.164793777948356102e+01,9.938340139821468355e+00,1.151517850735181447e+01,1.070358827188919904e+01,1.142214531856718374e+01,1.083879438601811174e+01,1.133878390922871127e+01,1.091774275146917894e+01,1.127899047523345288e+01,1.097118676904431744e+01,1.123542517844414412e+01,1.100794589533798273e+01,1.117242882932179704e+01,1.095562608876627131e+01,1.095562608876627098e-01,1.107588656999999976e+01
6.396455608375309909e-01,1.722800470705078135e-01,1.022570210631247090e+00,1.650798568307571546e-01,1.100000000000000000e+01,1.100000000000000000e+01,1.646543627628710427e+00,1.768208357153747468e+00,2.240795286953364940e+00,1.730051803950350520e+00,2.356811468129951237e+00,1.969761462267606955e+00,2.289357513277967993e+00,2.087788001225900025e+00,2.257830057857178829e+00,2.151508683385568776e+00,2.225560500076369852e+00,2.185829569163509678e+00,2.194292432560262185e+00,2.160600681275632429e+00,4.280970125880383392e+00,4.280970125880383115e-02,2.170350040000000202e+00
7.976966697222187541e-01,-1.312300708492736279e-02,1.085733225586232420e+00,8.949654151236166033e-01,1.100000000000000000e+01,1.100000000000000000e+01,3.319649040838098308e+00,5.079437807896427515e+00,4.838708321285523972e+00,5.408242903378649657e+00,5.264001882515876751e+00,5.562598877022239208e+00,5.269108849033632858e+00,5.618358938016111637e+00,5.252456612952367543e+00,5.638594065368605968e+00,5.229356795623042231e+00,5.641178895811592930e+00,5.204675255140381651e+00,5.438937448672592545e+00,6.831054221814676808e+00,6.831054221814676641e-02,5.463340406000000371e+00
2.626209268647955453e-02,-7.127728827963322744e-02,6.984768068655745621e-01,2.910600875445186198e-01,1.100000000000000000e+01,1.100000000000000000e+01,3.220622532307401364e+00,5.393374545457312763e+00,4.427490259764431002e+00,5.324872052233838637e+00,4.816232156356880623e+00,5.275148264807494769e+00,4.898294106776045709e+00,5.231193468858151618e+00,4.947474437328393648e+00,5.200268270798515502e+00,4.979780541093316693e+00,5.179811664070007815e+00,5.002117060477523580e+00,5.031629382924928784e+00,5.026493042655300059e+00,5.026493042655300059e-02,5.098733175999999645e+00
8.292027438440154885e-01,2.242041392402648325e-01,7.802087679220811589e-01,1.019438033415006384e+00,1.100000000000000000e+01,1.100000000000000000e+01,2.450644726998197243e+00,3.945384033772516119e+00,3.458348920716637576e+00,4.039051887107881988e+00,3.690827065944448204e+00,4.035331766590641855e+00,3.690519735631798248e+00,3.988583287894631013e+00,3.792117823419792977e+00,3.935441845746347589e+00,3.853477570440792643e+00,3.882727481604520747e+00,3.889210988410350289e+00,3.899170099089241504e+00,5.954652409463260909e+00,5.954652409463261076e-02,3.837924521000000144e+00
9.921645990440091101e-01,1.261495401760343027e-02,1.158311265663359402e+00,9.916425250647461498e-01,1.100000000000000000e+01,1.100000000000000000e+01,3.220667470565540480e+00,5.189619333102017507e+00,4.692079627489230909e+00,5.506158538139376724e+00,5.084299112985722680e+00,5.618944374014970933e+00,5.055975306721554929e+00,5.639017368136816089e+00,5.012822041933461037e+00,5.629064143550202459e+00,4.969383803919627418e+00,5.605845940807395955e+00,5.081566052052613358e+00,5.458863214149703325e+00,7.427203716083559115e+00,7.427203716083559393e-02,5.392683542000000330e+00
2.281033469429571969e-02,7.530987321629724063e-01,9.035470441872343050e-01,8.139097454085730821e-01,1.100000000000000000e+01,1.100000000000000000e+01,2.702237088131904663e+00,4.600980105105158202e+00,3.927676311164350231e+00,4.779720339656668315e+00,4.258599808258306751e+00,4.827305194953646961e+00,4.242576585460471783e+00,4.815957489579512085e+00,4.213874015923337879e+00,4.789301608674374933e+00,4.315057967676599660e+00,4.757316720236158147e+00,4.390282223169828413e+00,4.566224322575086703e+00,6.029261418011425455e+00,6.029261418011425122e-02,4.588496494000000148e+00
4.235201983791156977e-01,8.101725895355723628e-01,5.225942614673387832e-01,6.965226157808854790e-01,1.100000000000000000e+01,1.100000000000000000e+01,1.065455195633040031e+00,8.282927791233143378e-01,1.174552244886722274e+00,1.152984980194487807e+00,1.098589276814839089e+00,1.255252085092462444e+00,1.139035247024469344e+00,1.265183456066048651e+00,1.151122256351634565e+00,1.240344601265773727e+00,1.145511259880666932e+00,1.200562736250608831e+00,1.142403905812039211e+00,1.167426700211106061e+00,2.420356203619435931e+00,2.420356203619435792e-02,1.184942922000000065e+00
7.167466224910523653e-02,3.481519596286785090e-01,1.131855108354081318e+00,3.681309527248682323e-01,1.100000000000000000e+01,1.100000000000000000e+01,2.894590864578837408e+00,5.311620623512034456e+00,4.283699800267014801e+00,5.330151811823297336e+00,4.706746950782597416e+00,5.314231262059873728e+00,4.757643354657892232e+00,5.279493021312891443e+00,4.792266679279720165e+00,5.247120348765859532e+00,4.861198038216310913e+00,5.218024327984040589e+00,4.909227501720092590e+00,5.087323846072441924e+00,7.012870503532185218e+00,7.012870503532185606e-02,5.065206826999999912e+00
