mean,mean,mean,std,std,std,ref,ref,ref,3,4,5,6,7,8,9,10,11,12,13,14,15,mc_avg,mc_std,mc_err,measured
1.677878723122342874e+00,-3.259944374757828278e-02,5.514642192654974906e+00,8.565840299388705059e-01,2.247907940181504749e+00,2.326003123212998069e+00,3.500000000000000000e+00,5.500000000000000000e+00,7.500000000000000000e+00,3.607982922550252436e+00,4.559084643927894476e+00,4.512791779115129742e+00,4.924009197554216399e+00,4.539600917421113380e+00,4.989593162149058791e+00,4.556632584071856229e+00,4.971878308136930436e+00,4.590986528731940020e+00,4.923198076911305066e+00,4.623668876871467326e+00,4.881944500398656572e+00,4.668157830644541484e+00,4.779273399093592722e+00,1.122960868349084151e+01,1.122960868349084096e-01,4.799242836000000345e+00
6.560597233233718129e-01,3.023602500368547830e+00,3.936205009627574469e+00,4.216864210002266855e-01,1.740153931311635649e+00,4.733490594459919265e-01,3.500000000000000000e+00,5.500000000000000000e+00,7.500000000000000000e+00,6.367358184529089415e-01,8.942378209865180505e-01,7.050834382835386993e-01,9.337019665735664109e-01,8.878971954582373094e-01,7.892537348653407836e-01,9.318676849063437517e-01,8.192707580301463732e-01,8.926997400663519988e-01,8.522998464071953606e-01,8.166438088532036454e-01,8.885225634010831541e-01,8.335186209084376463e-01,8.522641381278081019e-01,2.952197259797813889e+00,2.952197259797813972e-02,8.609656342999999490e-01
2.009043987215487270e+00,-1.814351797135436151e-01,-9.287911229263257074e-01,9.374998716142618482e-01,1.828576781472400103e+00,4.733315131102141526e-01,3.500000000000000000e+00,5.500000000000000000e+00,7.500000000000000000e+00,2.443201267373758157e+01,2.558532494354458819e+01,2.594730617099232362e+01,2.643457930603032224e+01,2.612002550165373194e+01,2.625058015209945950e+01,2.609437100790653119e+01,2.625141148843013639e+01,2.615596633087591272e+01,2.626866571426061370e+01,2.616973239301940168e+01,2.624942387247666886e+01,2.613942805127047819e+01,2.620573033468254565e+01,2.908341077372138983e+01,2.908341077372139094e-01,2.620389786999999870e+01
2.309138898142612639e+00,5.539927278882454953e-01,4.789268246299903886e+00,1.037651941723697790e+00,1.203761450458196602e+00,2.855087879604261136e+00,3.500000000000000000e+00,5.500000000000000000e+00,7.500000000000000000e+00,1.952645820048681591e+00,2.093917000975403120e+00,2.394165312810137447e+00,2.320578552561348928e+00,2.431060764903488991e+00,2.250372679865460857e+00,2.414502433008046456e+00,2.328129842493332990e+00,2.400753315847869995e+00,2.354145532194709123e+00,2.351971102518592982e+00,2.387715296293344114e+00,2.342168130290335881e+00,2.513913872433937158e+00,7.651591857481977677e+00,7.651591857481977732e-02,2.373976223000000108e+00
2.166155737181965968e+00,3.347791689727431574e+00,6.679095982941715803e+00,1.075277250695620523e+00,1.204641831110045969e+00,2.629265013827260855e+00,3.500000000000000000e+00,5.500000000000000000e+00,7.500000000000000000e+00,1.273851907348279300e-02,4.639364957029190606e-02,8.680064183805775990e-02,6.350724225040832449e-02,7.774806204392029074e-02,7.944968117952874720e-02,7.183266423511834586e-02,7.179112706764742557e-02,7.379689041176594466e-02,7.593438088845438916e-02,7.509925036614069349e-02,7.329908928769106324e-02,7.542853609249908220e-02,8.443583482414886154e-02,1.068619477195391854e+00,1.068619477195391874e-02,7.395282643999999406e-02
3.511248289530279898e-01,5.937074807994238146e-01,5.745767347009113735e+00,1.012578631750879810e+00,2.403789980794049264e+00,2.224577997007517016e+00,3.500000000000000000e+00,5.500000000000000000e+00,7.500000000000000000e+00,6.799841770962782306e+00,7.672879756728382183e+00,8.141502864326112032e+00,8.321220051487188130e+00,8.223180210211214813e+00,8.287155457325344088e+00,8.273978675507422054e+00,8.201394204595651161e+00,8.274142437333088296e+00,8.176075151578197975e+00,8.238206885616039088e+00,8.154169187549875630e+00,8.206318095960162040e+00,8.443184366949589403e+00,1.790518568971483404e+01,1.790518568971483371e-01,8.196764780000000528e+00
-9.811577146686839557e-02,4.770967741579051236e+00,6.423598779721414687e+00,1.612559491137199208e+00,1.156213136455549240e+00,3.154469262537767937e-01,3.500000000000000000e+00,5.500000000000000000e+00,7.500000000000000000e+00,4.758033984436660924e-01,6.712682327990778797e-01,6.201397596779534283e-01,6.888194142902493988e-01,6.455135518000982842e-01,6.965468280403158685e-01,6.554842681715210562e-01,7.000770464236309998e-01,6.602488124664591673e-01,7.015090656254626689e-01,6.626214138107090479e-01,7.017927739791337549e-01,6.636955368525225829e-01,7.004183662200000882e-01,1.652180449920585437e+00,1.652180449920585478e-02,6.828037165000000464e-01
-4.619245364932145770e-01,1.155730456354954638e+00,2.211993036494911635e+00,9.129510942983612987e-01,6.284571078630012408e-01,2.937760047170003830e+00,3.500000000000000000e+00,5.500000000000000000e+00,7.500000000000000000e+00,2.923687172275910129e+01,2.792366369206624910e+01,3.138702415391973233e+01,2.969852894253683573e+01,3.124306477112499536e+01,2.999466052090664192e+01,3.097307156617015522e+01,3.030018126618815799e+01,3.070489411944348390e+01,3.054413718210464523e+01,3.051584259180745562e+01,3.065202845496934003e+01,3.041251913448764910e+01,3.057708182913241757e+01,3.512383997572827354e+01,3.512383997572827155e-01,3.054195600999999982e+01
1.858798592668011063e+00,4.542997492493134892e-01,5.638435089392613619e+00,1.074389359815386191e+00,2.359254439127899783e+00,2.965685866890686917e+00,3.500000000000000000e+00,5.500000000000000000e+00,7.500000000000000000e+00,3.202264138944114436e+00,4.174663144481350230e+00,4.220685758876950189e+00,4.240951531116179396e+00,4.440043965187858710e+00,4.282186135731441468e+00,4.406695093924832385e+00,4.383314389315812853e+00,4.290926721640932584e+00,4.441975951144392809e+00,4.278899983532649109e+00,4.439726481169874894e+00,4.330886708081025382e+00,4.270766540831546720e+00,1.243680180352101239e+01,1.243680180352101233e-01,4.346188798000000020e+00
2.024210374433369708e+00,4.385219305613878404e+00,1.328704086560164699e+00,7.449327007103824227e-01,9.678402526080641666e-01,2.766645348549062522e+00,3.500000000000000000e+00,5.500000000000000000e+00,7.500000000000000000e+00,9.263846351693341141e-01,9.117953626509901488e-01,1.108676510735902898e+00,9.644419897992828616e-01,1.083907639126016065e+00,9.321775200848307907e-01,1.091773299938495922e+00,9.069759078185639645e-01,1.089864397025702480e+00,9.434828329165237948e-01,1.083106275922815831e+00,9.665067294130222919e-01,1.079418200520071203e+00,9.854958090645062896e-01,2.934059853437219978e+00,2.934059853437219825e-02,1.028044302000000076e+00
1.395489792494202907e+00,3.053234394944669639e+00,2.331265990701052004e+00,1.199448979478378918e+00,1.954172084019537126e+00,8.812709474235961293e-01,3.500000000000000000e+00,5.500000000000000000e+00,7.500000000000000000e+00,2.963010221344445583e+00,2.487496182364507646e+00,2.736227888146231635e+00,3.086074790409017776e+00,2.544720531776193617e+00,3.007862889184316213e+00,2.788600878326395804e+00,2.931841201516546036e+00,2.897568074757182366e+00,2.890732627432575530e+00,2.915237079977082146e+00,2.814035610152727962e+00,2.891081530786629106e+00,2.826907985515866972e+00,8.331620228189333233e+00,8.331620228189333399e-02,2.864283142000000115e+00
1.950625775949771379e+00,4.463658749697843930e+00,6.910311402018399107e+00,4.020797795440348987e-01,3.355814528420094645e-01,1.176545474478167819e+00,3.500000000000000000e+00,5.500000000000000000e+00,7.500000000000000000e+00,-1.131605097692011542e-14,0.000000000000000000e+00,-9.382311684492198891e-15,0.000000000000000000e+00,-8.982750298133061488e-15,-9.019968284152739357e-16,1.238384675026418659e-10,1.160746166292508260e-08,9.567410746247158966e-08,3.290890899830541912e-08,9.179171635433049936e-09,4.530787148489839007e-08,7.160199729283043089e-08,-5.175593287276570091e-15,7.248348942954245956e-15,7.248348942954245611e-17,4.112235514000000094e-08
6.893461518144972100e-01,-1.085680884281103653e+00,7.559530718454890774e+00,2.356025936013630973e-01,6.407161222099225784e-01,3.052997196073504060e+00,3.500000000000000000e+00,5.500000000000000000e+00,7.500000000000000000e+00,4.056828112138767040e+00,4.940947224563499773e+00,4.732535427948391771e+00,5.444483319793238074e+00,4.793763580630423959e+00,5.394446560719568851e+00,4.862032906072901284e+00,5.304434146375811565e+00,4.883582883139717445e+00,5.342041932896007594e+00,4.935032255602355811e+00,5.360645814810540699e+00,4.940453089771977169e+00,5.322082450057902037e+00,1.106275292121479481e+01,1.106275292121479542e-01,5.180202622000000368e+00
2.116505034555873355e-01,1.341968770104754460e+00,5.354104809152837596e+00,9.113370159763938272e-01,8.980337284960971944e-01,2.204215983001387880e+00,3.500000000000000000e+00,5.500000000000000000e+00,7.500000000000000000e+00,3.672152830809935153e+00,4.186091144398444541e+00,4.271016562696678065e+00,4.613827584327488296e+00,4.284243708978278775e+00,4.560920054559200132e+00,4.332811960144954178e+00,4.462307344303884982e+00,4.399696228376959617e+00,4.443956254044485021e+00,4.430152866071523476e+00,4.431622489289787303e+00,4.410461298981485534e+00,4.485439348171362361e+00,9.490322256925445288e+00,9.490322256925445843e-02,4.400232978000000017e+00
8.643448970091451855e-01,3.958990557845464053e+00,2.782019790139525384e+00,7.229635130188541980e-01,1.637438992465173770e+00,5.481078136590032956e-01,3.500000000000000000e+00,5.500000000000000000e+00,7.500000000000000000e+00,8.431434781851995242e-01,6.345450189609694869e-01,8.432358950600672420e-01,8.318509900284454250e-01,7.267075105660548706e-01,8.731753923626007774e-01,7.746295862848090463e-01,8.377698021341719592e-01,8.177851918581174884e-01,8.081054792928414887e-01,8.427682624495999031e-01,7.796768734095503861e-01,8.353306496350841881e-01,8.216396647550944232e-01,2.843396253062967283e+00,2.843396253062967227e-02,8.140435021999999909e-01
2.103253656770993629e+00,-1.072929189816157702e+00,1.252640811354772676e-01,1.484196954808777003e+00,1.871508238785897893e+00,3.000474055458227873e+00,3.500000000000000000e+00,5.500000000000000000e+00,7.500000000000000000e+00,3.305136817317903564e+01,3.249337486176033707e+01,3.443455433399122967e+01,3.502125823742338184e+01,3.448287968891104072e+01,3.512448404270590885e+01,3.430295674423256003e+01,3.497216602997289669e+01,3.414819064537530835e+01,3.500616573462755809e+01,3.443026883623500822e+01,3.509898329847430176e+01,3.454233045376335554e+01,3.521945331753916975e+01,5.372842885655390432e+01,5.372842885655390033e-01,3.476088998000000174e+01
1.583864149049998948e+00,4.937359320161960774e+00,7.432544854198461337e+00,1.549476601569651502e+00,2.191926752807696666e+00,2.933813098008602793e+00,3.500000000000000000e+00,5.500000000000000000e+00,7.500000000000000000e+00,8.222417767034051472e-02,1.235481121227111068e-01,2.556740201970195137e-01,2.734283588622989369e-01,2.259148319716861864e-01,2.993837889228023741e-01,2.028886180383109306e-01,2.880040738118839760e-01,2.293802855655709960e-01,2.746789772446427969e-01,2.438343646275186460e-01,2.724374932657047665e-01,2.488838039900835575e-01,2.499303163366605463e-01,1.837287494395300813e+00,1.837287494395300688e-02,2.565632670999999920e-01
-5.206097106119585982e-01,2.395968306816901539e+00,4.642566744940682000e+00,1.256360188758188556e+00,2.425415097547598542e+00,1.425367632439669352e+00,3.500000000000000000e+00,5.500000000000000000e+00,7.500000000000000000e+00,1.039881915644540022e+01,9.710823452798951649e+00,1.096358761584714614e+01,1.065409794272240163e+01,1.073782384032875292e+01,1.074574154242441715e+01,1.054637365993851361e+01,1.071111344271584365e+01,1.059226982256847727e+01,1.062834644125380557e+01,1.071521369368969978e+01,1.055368260312873119e+01,1.077648407018421395e+01,1.053865193571094139e+01,1.810291222751059692e+01,1.810291222751059803e-01,1.068414251999999998e+01
7.315903239517929091e-02,3.170695861882568245e+00,1.755840688978161923e+00,1.209451494002498073e+00,1.925833174798404324e+00,1.264746238340552997e+00,3.500000000000000000e+00,5.500000000000000000e+00,7.500000000000000000e+00,8.895489243404218982e+00,1.064416652655462769e+01,9.836488878498627741e+00,1.141830450559151267e+01,1.023750139598818976e+01,1.113573656775194287e+01,1.051854678951626276e+01,1.105203788451809643e+01,1.061745600663280165e+01,1.097139677296609683e+01,1.061575058861495258e+01,1.096424992381949615e+01,1.060520648631691287e+01,1.096784267063921270e+01,1.958035595738118317e+01,1.958035595738118195e-01,1.083242594999999930e+01
-3.531510383928337937e-01,2.191372041689739092e+00,1.148475994323384652e+00,7.621210011670900286e-01,1.082374113474104949e+00,1.277575523058911644e+00,3.500000000000000000e+00,5.500000000000000000e+00,7.500000000000000000e+00,1.931604671358673997e+01,1.899716314324406596e+01,2.039853781702380786e+01,1.979267274727288140e+01,2.036110413027233790e+01,1.981508600815434562e+01,2.021651543800862072e+01,1.978002870008875647e+01,2.010787945815048161e+01,1.982525566747238344e+01,2.012508110332316136e+01,1.988498482863955985e+01,2.015464461735420088e+01,2.029865425374686083e+01,2.034502831046013327e+01,2.034502831046013371e-01,2.004050360999999825e+01
6.206832641183850363e-01,4.175946055334859963e+00,-1.949840018952575527e-02,8.634420434269561850e-01,1.494751651774210544e+00,2.368674419277478460e+00,3.500000000000000000e+00,5.500000000000000000e+00,7.500000000000000000e+00,5.611241261229180211e+00,5.959742478374778329e+00,6.537232141046255052e+00,6.667717300112343537e+00,6.595932883115503742e+00,6.771887862999050434e+00,6.575321236187305907e+00,6.848758429185791030e+00,6.511221471639416336e+00,6.887917949964557529e+00,6.471031049971689875e+00,6.900478365567864536e+00,6.471509463009265772e+00,6.662707385162270235e+00,1.334415269030841422e+01,1.334415269030841400e-01,6.714612923999999872e+00
2.689494215934458143e-01,5.681767190154705105e-01,6.051669418706950854e-01,1.649002941071037398e+00,1.658193062674967022e+00,1.811366839406466589e+00,3.500000000000000000e+00,5.500000000000000000e+00,7.500000000000000000e+00,4.038791149406122827e+01,4.517774478352845335e+01,4.483004918846489062e+01,4.628443410513781231e+01,4.545486520954413123e+01,4.607103620667273702e+01,4.559162274678708116e+01,4.596837217498639916e+01,4.560935713144750991e+01,4.585944517994884251e+01,4.568794287120700659e+01,4.575252786542239392e+01,4.573309671574068602e+01,4.559969262351012986e+01,5.554645869821787585e+01,5.554645869821787096e-01,4.568233985999999902e+01
2.155231104295511457e+00,1.860960127124088315e+00,6.677731552680198135e+00,1.485630374423165367e+00,2.311619692819148586e+00,3.029233642040459529e+00,3.500000000000000000e+00,5.500000000000000000e+00,7.500000000000000000e+00,1.164305400571178595e+00,9.261667340696568829e-01,1.447541576066252667e+00,1.389867804708602828e+00,1.485646759430226949e+00,1.433066601545629037e+00,1.460781350251237454e+00,1.382667635929618388e+00,1.455318115851595984e+00,1.385998351305592680e+00,1.433314282061453282e+00,1.411275125080776238e+00,1.394307967247039093e+00,1.295305897562024633e+00,6.555513955224488321e+00,6.555513955224488709e-02,1.415296874999999899e+00
-9.754169331560369471e-02,3.054698045585673150e+00,-1.503285497342580879e+00,1.182855323616976317e+00,2.133317366841415375e+00,1.222659594090897084e+00,3.500000000000000000e+00,5.500000000000000000e+00,7.500000000000000000e+00,3.265004314511735828e+01,3.354862114078741797e+01,3.403693055602819584e+01,3.543751808693960470e+01,3.380555089143869907e+01,3.532266240515675548e+01,3.437668463081850234e+01,3.508548733586064827e+01,3.473346229957986964e+01,3.495800738832318189e+01,3.488493540668822135e+01,3.483350228864442499e+01,3.491010585466085558e+01,3.479420637480347978e+01,4.344728909233038650e+01,4.344728909233038783e-01,3.483311970999999829e+01
9.702589198414266480e-01,2.516524976856264750e+00,1.322031239337010833e+00,1.669015724355202623e+00,7.970968491692654867e-01,2.057471928998570565e+00,3.500000000000000000e+00,5.500000000000000000e+00,7.500000000000000000e+00,9.445499372783977776e+00,8.715404032072942897e+00,1.068503728263635111e+01,8.959067503870763005e+00,1.064930776893243802e+01,9.246726710060992005e+00,1.052198726905271187e+01,9.592779885132266315e+00,1.037933982960991308e+01,9.830613908500293263e+00,1.025425598461504251e+01,9.980544001202028781e+00,1.014983318544152269e+01,9.950046015416850409e+00,1.888320992519256691e+01,1.888320992519256780e-01,1.002031603000000004e+01
2.297174047755860649e+00,4.932136855390272245e+00,2.180280783360859509e+00,1.621723619566131758e+00,2.145085187398929616e+00,1.376313606601320627e+00,3.500000000000000000e+00,5.500000000000000000e+00,7.500000000000000000e+00,6.727858743233562366e-01,5.779955723952234781e-01,6.079250712068130502e-01,8.334693447255453469e-01,7.377881147090098457e-01,7.755579906433270887e-01,7.892826864640786200e-01,6.829858175812948407e-01,8.159336608700428206e-01,6.839533728867914775e-01,8.100525889420094883e-01,7.347972132535670609e-01,7.701258414480651737e-01,6.997738272174305330e-01,3.797666706167186934e+00,3.797666706167186768e-02,7.516906652000000522e-01
-4.586898610771874552e-01,4.957914463078870071e+00,1.136056366816442731e+00,1.571780601594540139e+00,6.108347994196210440e-01,9.941627985235657050e-01,3.500000000000000000e+00,5.500000000000000000e+00,7.500000000000000000e+00,3.437431358191357145e+00,3.472987935041780272e+00,3.809679784694159022e+00,3.734483933511041354e+00,3.765773364609183105e+00,3.756758189930195613e+00,3.742721979604278992e+00,3.754464334824548111e+00,3.718199390543528438e+00,3.740663216945569136e+00,3.722017680872283574e+00,3.723546549802502881e+00,3.748002521197955073e+00,3.619922368231957677e+00,6.548922317064453935e+00,6.548922317064453935e-02,3.725402313000000021e+00
1.866185200577002545e+00,3.213252238721449494e+00,7.051566710121299764e+00,7.479005478306244292e-01,1.039340911067700768e+00,1.423698180349246778e+00,3.500000000000000000e+00,5.500000000000000000e+00,7.500000000000000000e+00,0.000000000000000000e+00,2.149560668797097915e-05,6.149393045019634248e-03,4.823250578580930842e-03,2.501516720225240627e-03,5.508793850733994212e-03,4.489759299486407312e-03,2.710308261804465074e-03,5.249928123006380315e-03,3.890110790077816547e-03,4.709774431195473329e-03,4.569290490256270633e-03,3.422016379777532286e-03,5.283789130719278825e-03,1.245267539506992177e-01,1.245267539506992238e-03,4.284132837999999645e-03
1.995799973834477825e-01,2.756056487564208624e+00,7.061054544806262712e+00,1.687731565448751914e+00,2.204014496802491951e+00,2.672778265677671072e+00,3.500000000000000000e+00,5.500000000000000000e+00,7.500000000000000000e+00,1.937802980931680796e+00,2.909582349707297233e+00,2.619716938898358105e+00,3.305061778798715544e+00,2.690946758132136907e+00,3.222404871010619232e+00,2.829466925584874559e+00,3.128707502884946479e+00,2.900860370081418171e+00,3.059326921827520973e+00,2.931052210675922698e+00,2.992561329448610863e+00,2.958650246630677216e+00,3.035989249150033764e+00,1.040917435050597462e+01,1.040917435050597445e-01,2.968485187999999830e+00
7.574360807141615748e-01,-2.543029616584723263e-01,5.324344665023208023e+00,1.293171276338162423e+00,1.756482381289373063e+00,1.713290728126255047e+00,3.500000000000000000e+00,5.500000000000000000e+00,7.500000000000000000e+00,8.156587895981752823e+00,8.747609322048258917e+00,9.090918771430413159e+00,9.037632533329034601e+00,9.237438323935279527e+00,9.015048652057940259e+00,9.308231133655844758e+00,9.068959673003991639e+00,9.332575236770091820e+00,9.072866899290831455e+00,9.323568933906340561e+00,9.094700144953845822e+00,9.288425158672517057e+00,9.311894614503538392e+00,1.685758346589274481e+01,1.685758346589274481e-01,9.177250370999999518e+00
7.151967373392751348e-01,-1.056336768873930243e+00,7.413158764746293983e+00,2.566564457608110916e-01,1.213076400568804392e+00,2.040633246461066364e+00,3.500000000000000000e+00,5.500000000000000000e+00,7.500000000000000000e+00,2.436027679817727609e+00,3.155822129037595403e+00,2.852012558538109754e+00,3.439045144096848361e+00,2.972221866161822046e+00,3.426631999493508829e+00,3.025312759411764141e+00,3.379292100315069103e+00,3.067423652040230486e+00,3.315546535333115497e+00,3.094125203775381472e+00,3.316449824550725012e+00,3.124378467699381545e+00,3.277419221617042577e+00,6.935858472277369735e+00,6.935858472277370290e-02,3.235645533000000018e+00
-1.460694368524241837e-01,1.078119682039043736e+00,2.828571956486003458e-02,1.561677670482822355e+00,1.886448071695811413e+00,1.581492706522064529e+00,3.500000000000000000e+00,5.500000000000000000e+00,7.500000000000000000e+00,4.748785814813436446e+01,5.241746736271906570e+01,5.201076359992745779e+01,5.381493468673106406e+01,5.238524174795890076e+01,5.361979422395993566e+01,5.269334391924049044e+01,5.353461479854372129e+01,5.289006637007693001e+01,5.341622109722500511e+01,5.299134178054449507e+01,5.337231201180971851e+01,5.303815467867677569e+01,5.261768657392356374e+01,5.984725201713358445e+01,5.984725201713358977e-01,5.322662748999999849e+01
1.956325653559175981e+00,1.885012735857591215e+00,5.997935425338029702e+00,1.234081599527332429e+00,2.005586976097560648e+00,2.362762198807239589e+00,3.500000000000000000e+00,5.500000000000000000e+00,7.500000000000000000e+00,1.052597511105573647e+00,7.491654736629043132e-01,1.171881556625935072e+00,1.083134531343487250e+00,1.148727695381108749e+00,1.074692645436629679e+00,1.133991401504535368e+00,1.078931462471850011e+00,1.094991236775486154e+00,1.119404349235800789e+00,1.092618714735448915e+00,1.139861958092307948e+00,1.070008601994484554e+00,1.229128925679863205e+00,5.432638700547501642e+00,5.432638700547501309e-02,1.106664550000000080e+00
9.028472544190588867e-01,1.038900944676486082e+00,6.535562250599710410e+00,1.014984207756959966e+00,2.430897861231881674e+00,1.759532507383751110e+00,3.500000000000000000e+00,5.500000000000000000e+00,7.500000000000000000e+00,2.364408417038401211e+00,2.183453790877486700e+00,2.893372358601621563e+00,2.469203273199656046e+00,2.840456045210338676e+00,2.475135102360242811e+00,2.750919363056988143e+00,2.511476021366305655e+00,2.697333615063288281e+00,2.516800814451555457e+00,2.683635347510542779e+00,2.532901755991032733e+00,2.698470419853563396e+00,2.714651892614632356e+00,8.541258689633577816e+00,8.541258689633578205e-02,2.638661515999999985e+00
-2.288090366077821791e-02,3.448808819067377129e+00,-1.306205380134313865e+00,5.313797981691321670e-01,2.304406490209490954e+00,2.718068124845278710e+00,3.500000000000000000e+00,5.500000000000000000e+00,7.500000000000000000e+00,2.594522312661597141e+01,2.522086751606482125e+01,2.749025975755313311e+01,2.735836977679090154e+01,2.744843435038890789e+01,2.743443681590829542e+01,2.738143482427894781e+01,2.730935339604488021e+01,2.721461373370427594e+01,2.749531249174037839e+01,2.715750551336463658e+01,2.757171105149274837e+01,2.718671090562342130e+01,2.648549416313926841e+01,3.897589873677530647e+01,3.897589873677530514e-01,2.740026933000000042e+01
2.317863550836049669e+00,-9.110347139286176787e-01,-1.530620509989772948e+00,1.461007271820946807e+00,1.121291093830230290e+00,2.649592714523771431e+00,3.500000000000000000e+00,5.500000000000000000e+00,7.500000000000000000e+00,3.761099222441168166e+01,3.406637614568020211e+01,3.923803003918649779e+01,3.703524722033765926e+01,3.900412823068420920e+01,3.738019463242591200e+01,3.863073325647644651e+01,3.779967104198515671e+01,3.819520188316952414e+01,3.812642346148321337e+01,3.773315474131525349e+01,3.829034836698495070e+01,3.738742615654666679e+01,3.783268479484099345e+01,4.953944167756092298e+01,4.953944167756092476e-01,3.802151297999999713e+01
2.111195440554144653e+00,-3.303749642367099781e-01,4.248542157037631384e+00,4.914623045375166033e-01,1.825860029496630510e+00,2.649105945004696316e+00,3.500000000000000000e+00,5.500000000000000000e+00,7.500000000000000000e+00,5.328192875961358155e+00,5.982376891849140677e+00,5.856026140693478155e+00,6.223557554555293692e+00,6.028562250925743271e+00,5.984416615926229532e+00,6.147029210964653601e+00,5.998952271896731858e+00,6.166728373950852493e+00,6.048461516513168768e+00,6.129759747783740664e+00,6.067771181010119363e+00,6.061253928441415972e+00,6.105763576227039913e+00,1.115887379755897513e+01,1.115887379755897552e-01,6.075078308000000149e+00
-3.545028267963403201e-01,2.658831724404688401e+00,1.432080611166991480e+00,8.120275105624493728e-01,1.768137484460087894e+00,2.298249361615449349e+00,3.500000000000000000e+00,5.500000000000000000e+00,7.500000000000000000e+00,1.910266617704702341e+01,1.893639817073619014e+01,2.033974010464623206e+01,1.959310191154333225e+01,2.053378274657341507e+01,1.952124917111927616e+01,2.060493866111358230e+01,1.951856806105880793e+01,2.055272549101872315e+01,1.973244117012630738e+01,2.041956405485903758e+01,1.991386372546177341e+01,2.025013884478061499e+01,2.013327958461567846e+01,2.858147275609743332e+01,2.858147275609743132e-01,2.010092991000000140e+01
-4.144198431672755367e-01,1.602507333350760677e+00,2.930084461106566174e+00,1.629293878555849506e+00,1.200499086655532066e+00,2.387437889761125476e+00,3.500000000000000000e+00,5.500000000000000000e+00,7.500000000000000000e+00,2.176363236352512587e+01,2.276994647142654316e+01,2.294323018186471685e+01,2.391675362631913870e+01,2.302226909005935696e+01,2.382629812479805054e+01,2.330087694390425668e+01,2.362141225798071531e+01,2.342312506112930137e+01,2.337998761584027108e+01,2.353706699308672512e+01,2.324666061083128454e+01,2.356985881298509611e+01,2.262744095886999318e+01,3.271367424002940538e+01,3.271367424002940560e-01,2.339212374999999966e+01
-2.880715869186732947e-01,-4.715957829954987579e-01,4.282473781011224112e+00,6.517062265860321668e-01,2.086976198811807848e+00,7.202960034342149598e-01,3.500000000000000000e+00,5.500000000000000000e+00,7.500000000000000000e+00,2.150464568252971276e+01,2.306383240916825272e+01,2.338627506724984428e+01,2.355946853267339947e+01,2.358301577596207821e+01,2.336593953427171044e+01,2.363589397034444772e+01,2.331561793527082926e+01,2.363720895023220336e+01,2.328766663780390900e+01,2.362641565144261335e+01,2.332896423662953822e+01,2.361545425847165802e+01,2.295625652914912251e+01,2.285140152972379468e+01,2.285140152972379435e-01,2.345133119000000121e+01
4.684692372876704258e-01,4.120744824825584018e-02,3.948120388194328534e+00,1.168809894051196840e+00,8.830285701400896192e-01,1.820416297631451075e+00,3.500000000000000000e+00,5.500000000000000000e+00,7.500000000000000000e+00,1.201044726731807444e+01,1.329181628494959355e+01,1.375484531407578892e+01,1.360541485009406415e+01,1.388156663465831464e+01,1.355525141381297338e+01,1.382571331396535719e+01,1.353145249974854991e+01,1.382575362575464695e+01,1.347918372281367105e+01,1.383119874065686439e+01,1.342440050523929962e+01,1.382496967329123372e+01,1.382243371981818925e+01,2.031758474671738668e+01,2.031758474671738757e-01,1.370951866000000052e+01
1.169591409691627781e+00,6.237216509417446986e-01,6.192477223583741086e+00,1.237086437764966629e+00,1.980474955759810030e+00,1.500291988191271741e+00,3.500000000000000000e+00,5.500000000000000000e+00,7.500000000000000000e+00,2.587754845909540524e+00,2.368649259705319032e+00,2.985803374128924048e+00,2.823244262050339515e+00,2.874096639612116366e+00,2.896211257987867160e+00,2.742208404116756260e+00,2.904288250955926909e+00,2.680666211808441446e+00,2.882790094177835272e+00,2.738540106079554892e+00,2.848507087563620921e+00,2.800998529619104005e+00,2.803600985979547211e+00,7.495302275521110502e+00,7.495302275521111002e-02,2.807369093000000149e+00
2.901464664807673621e-02,8.771746817958872011e-01,3.078075788212072617e+00,7.680016986945933377e-01,1.630496128703345038e+00,2.741797264514472587e+00,3.500000000000000000e+00,5.500000000000000000e+00,7.500000000000000000e+00,1.861506027004990216e+01,1.989070479773103273e+01,2.035897125449533718e+01,2.093137860444630860e+01,2.023538266593139667e+01,2.075592655326699543e+01,2.043841382739707413e+01,2.085917446793387597e+01,2.060438749089556865e+01,2.090050964910887998e+01,2.067659026772767561e+01,2.087346740282695023e+01,2.071390122978088044e+01,2.025331847107403505e+01,3.055728715902152004e+01,3.055728715902151782e-01,2.078863207999999929e+01
-3.685664534881799570e-02,3.569450760300954428e+00,7.732467351061725225e+00,1.644158841474130828e+00,2.245149925383600920e+00,1.548274292205683800e+00,3.500000000000000000e+00,5.500000000000000000e+00,7.500000000000000000e+00,3.544677143464873836e-01,8.726576019814828999e-01,6.455030870229727658e-01,9.704635555752718634e-01,7.412088556801766925e-01,9.078207967916283039e-01,7.784840007395621431e-01,8.940357760220329908e-01,7.888570747450245335e-01,8.954096324875662205e-01,7.869068111162728085e-01,8.942243245925312056e-01,7.855290548841983300e-01,8.598565222770008232e-01,3.654818982665928750e+00,3.654818982665928445e-02,8.426368384000000322e-01
6.522638067631330028e-01,3.803732695597684454e+00,3.513764131763015719e+00,1.124077251824775470e+00,2.138475100759313907e+00,1.630427780762729872e+00,3.500000000000000000e+00,5.500000000000000000e+00,7.500000000000000000e+00,2.412035097675519157e+00,2.371943157206492181e+00,2.965839351872203711e+00,2.521939689617089364e+00,3.039811248032636470e+00,2.536688635288725013e+00,2.967388437023215531e+00,2.670323661743341681e+00,2.876381641055928196e+00,2.775690404293861935e+00,2.806418768922095630e+00,2.819290914287292171e+00,2.807083102913780603e+00,2.862934412311967325e+00,8.742879424157880663e+00,8.742879424157880275e-02,2.800528652000000118e+00
2.137660402128593873e+00,-1.150509513636650549e-01,5.969020052324538028e+00,1.595745521852413473e+00,1.804197946970998556e+00,1.467672235756315446e+00,3.500000000000000000e+00,5.500000000000000000e+00,7.500000000000000000e+00,2.501140854246777678e+00,2.469734426301867014e+00,2.449668587328642566e+00,2.952809550958161555e+00,2.573017580278407213e+00,2.940622864497894007e+00,2.639794461060719133e+00,2.851754419798850027e+00,2.697257196005444335e+00,2.734202020230668495e+00,2.717237815504722764e+00,2.771335056542258979e+00,2.742977027291585213e+00,2.671442338483380308e+00,7.331597849651404708e+00,7.331597849651404208e-02,2.763128635000000166e+00
7.697973293021378449e-01,2.969969246747520941e+00,-4.064625904461767192e-01,1.239182268307053691e+00,3.238553814190048841e-01,2.608028810226755034e+00,3.500000000000000000e+00,5.500000000000000000e+00,7.500000000000000000e+00,1.238771676888709372e+01,1.344483013777274927e+01,1.403903895030826199e+01,1.370883119561407071e+01,1.417627511591147105e+01,1.391505448064605588e+01,1.417285951933877897e+01,1.402530854546613170e+01,1.415047791496022001e+01,1.407100211835202153e+01,1.411098149723913409e+01,1.409888191546322211e+01,1.407451337679975900e+01,1.398675869195553290e+01,1.898307728059562649e+01,1.898307728059562549e-01,1.403698074000000062e+01
-2.019833625356433071e-01,-1.035129064852734926e+00,-1.672734219369654163e+00,1.675887488640865897e+00,1.641271669221419538e+00,2.474775728607576664e+00,3.500000000000000000e+00,5.500000000000000000e+00,7.500000000000000000e+00,1.323904089728221720e+02,1.351222017880957367e+02,1.396514332507628069e+02,1.391562963773941419e+02,1.396561867758012170e+02,1.397748893042922020e+02,1.394586769257756771e+02,1.400274568341395707e+02,1.395004008653326935e+02,1.399980895061196975e+02,1.394942813735250411e+02,1.399903101249700228e+02,1.394998150155099665e+02,1.401158412090814238e+02,1.181738726980087506e+02,1.181738726980087417e+00,1.396506693999999982e+02
1.185667147952344624e+00,3.120649627812976945e+00,2.222880440584608763e+00,2.927559720306249225e-01,1.733557139942964120e+00,2.624266302609576496e+00,3.500000000000000000e+00,5.500000000000000000e+00,7.500000000000000000e+00,3.103653535534673935e+00,2.240249021786554717e+00,3.326483261275209102e+00,2.979511490511235650e+00,3.305345799016235375e+00,3.138854131500735445e+00,3.170957781498869199e+00,3.219982921529699116e+00,2.998862475752478218e+00,3.263074635016862235e+00,2.883625458244123418e+00,3.285756748513137815e+00,2.956566176145390301e+00,3.160720456095163389e+00,8.286016775768930032e+00,8.286016775768929865e-02,3.132708135000000116e+00
1.072374796033743083e+00,-2.738293801744211553e-01,7.404597583187124243e+00,1.399395238309722567e+00,2.140318392494845234e+00,2.702167675522171741e+00,3.500000000000000000e+00,5.500000000000000000e+00,7.500000000000000000e+00,2.852863163184104156e+00,4.032595393118606708e+00,3.959566375981328878e+00,4.637668212853370164e+00,4.108827414151712709e+00,4.601965033141684813e+00,4.140032639200748044e+00,4.630383475713919950e+00,4.165889425200034246e+00,4.644937884158037100e+00,4.160268311858504653e+00,4.635463332614474297e+00,4.175039633322719546e+00,4.688277039832509985e+00,1.480035613144915452e+01,1.480035613144915496e-01,4.420306096000000018e+00
3.266620157542552416e-01,9.409085306662634540e-01,5.676427253796840766e+00,1.677600867697264686e+00,1.134868230131897748e+00,2.880934963431708962e+00,3.500000000000000000e+00,5.500000000000000000e+00,7.500000000000000000e+00,7.049515574826802577e+00,8.090930255149519468e+00,8.707867190546645375e+00,8.461595505918857896e+00,8.850060218756198083e+00,8.699201533998348168e+00,8.717851876381200071e+00,8.826002881321011628e+00,8.605245835435070489e+00,8.847347541499544832e+00,8.627312633240558526e+00,8.811125404504478453e+00,8.666876197032456375e+00,8.462679460178559765e+00,1.918781410560903566e+01,1.918781410560903566e-01,8.681501129000000816e+00
1.620697887382130942e+00,4.791870223910174253e+00,-1.055906149360469337e+00,1.489079927807503978e+00,5.808658693231438797e-01,2.627575943872072717e+00,3.500000000000000000e+00,5.500000000000000000e+00,7.500000000000000000e+00,3.164966289520739551e+00,2.757222844195921674e+00,3.176018544635071716e+00,3.145020222378148489e+00,3.014332212618813678e+00,3.168706228876977171e+00,3.046195563736130207e+00,3.134648104909262933e+00,3.121352339759300598e+00,3.077824829127032924e+00,3.157619045619822540e+00,3.018327343366701943e+00,3.169565176686060415e+00,3.056692299659521606e+00,5.957239992896707470e+00,5.957239992896707498e-02,3.102074909999999797e+00
1.541618329119584407e+00,2.695477460701944494e+00,2.136215594364926140e+00,1.266541446491608269e+00,1.409815081740280807e+00,1.598019278309150248e+00,3.500000000000000000e+00,5.500000000000000000e+00,7.500000000000000000e+00,3.120662520094798609e+00,2.646094147048255074e+00,2.790299003215750417e+00,3.165891660458191481e+00,2.767183322934026801e+00,3.179698516712465839e+00,2.971546593133027603e+00,3.068920313091814123e+00,3.041208610726673367e+00,2.941985277646695707e+00,3.098857835587827569e+00,2.882713448949425938e+00,3.102472120844878667e+00,3.122953433412145596e+00,8.877350847242295728e+00,8.877350847242296283e-02,3.007262853999999930e+00
1.738295871402252724e+00,4.884853272749367648e-02,8.489056806665351562e-01,1.038248797689981684e+00,5.556687956583664656e-01,3.026955645533612405e+00,3.500000000000000000e+00,5.500000000000000000e+00,7.500000000000000000e+00,1.659141549319706854e+01,1.865976177724015983e+01,1.844101089550749961e+01,1.923509700742787487e+01,1.886442048514556191e+01,1.883010376519243678e+01,1.903210410266780883e+01,1.891659137754417230e+01,1.901773683125516357e+01,1.895583463346303077e+01,1.889393935879582997e+01,1.895305402957929886e+01,1.887869572704527954e+01,1.868394109495698174e+01,2.573340734993672285e+01,2.573340734993672108e-01,1.890415931000000072e+01
1.578318308313979346e+00,-9.221786735822197212e-01,4.610960291055363314e+00,1.276839744529082665e+00,1.236308825135505884e+00,2.465908643583383242e+00,3.500000000000000000e+00,5.500000000000000000e+00,7.500000000000000000e+00,1.024202110627349960e+01,9.911302100147551641e+00,1.052913625704733569e+01,1.079813159569801329e+01,1.041935535026629545e+01,1.088876819402699780e+01,1.063811067381972819e+01,1.084333359329687951e+01,1.065628527631395528e+01,1.077693487485926127e+01,1.070949312454991720e+01,1.065048062541261586e+01,1.070923948053484942e+01,1.100862667774861414e+01,1.976546123177053715e+01,1.976546123177053693e-01,1.071197592000000043e+01
1.249588784330508462e+00,3.188473570113332656e+00,-4.738880943030265858e-01,8.997753954667278009e-01,2.209639863143104233e+00,1.132233703299641903e+00,3.500000000000000000e+00,5.500000000000000000e+00,7.500000000000000000e+00,9.358309263268397515e+00,8.848966277540782244e+00,9.482619086562698030e+00,9.715879601306671276e+00,9.602455354723748115e+00,9.766947264100879877e+00,9.752499598729544417e+00,9.590811684769047218e+00,9.866604153090374751e+00,9.593646141361995561e+00,9.867295635591165848e+00,9.671684002631748100e+00,9.805541811306948574e+00,9.737321859714409555e+00,1.799065075166093663e+01,1.799065075166093597e-01,9.743601474000000096e+00
5.012565753160587168e-01,4.484154710410671818e+00,-9.820047363328542334e-01,8.616372873402081689e-01,2.009545795662834422e+00,1.597299617574275743e+00,3.500000000000000000e+00,5.500000000000000000e+00,7.500000000000000000e+00,9.056397017720472675e+00,8.466361840312252696e+00,9.885852557759015724e+00,8.796961962238151855e+00,9.951319338610046472e+00,8.947045357406855359e+00,9.879226839705570029e+00,9.066855160144029924e+00,9.815254051764686238e+00,9.164451440902366741e+00,9.767769248374444047e+00,9.337864733009904938e+00,9.685858383761685175e+00,9.217687128403198926e+00,1.757649724003275438e+01,1.757649724003275404e-01,9.507249291999999130e+00
1.877190470831350710e+00,4.771710712308685487e+00,-9.442641469126976661e-01,3.152487873123505646e-01,2.411990485470627998e+00,2.816586438236808654e+00,3.500000000000000000e+00,5.500000000000000000e+00,7.500000000000000000e+00,3.767898179052716401e+00,4.456472289463631498e+00,4.301270591450284897e+00,4.581025544784070647e+00,4.435285286851240905e+00,4.479827386845144588e+00,4.522049239623290973e+00,4.436168265626500684e+00,4.542871559079555865e+00,4.356795920248384135e+00,4.556597165347481493e+00,4.269376553077550263e+00,4.578482802336927726e+00,4.363364824181485524e+00,1.021721834814119134e+01,1.021721834814119101e-01,4.430029318999999965e+00
2.077735713956132102e+00,9.069350486024509994e-01,1.424282012676907350e-01,1.605351763492217199e+00,2.004042442779284006e+00,1.957940540254538675e+00,3.500000000000000000e+00,5.500000000000000000e+00,7.500000000000000000e+00,1.625788510011378207e+01,1.657301796352675893e+01,1.737836740568575422e+01,1.806939541301820995e+01,1.744943895462039052e+01,1.798804496773177419e+01,1.761495793994098236e+01,1.776087025961921029e+01,1.765664417441195155e+01,1.751006150664389693e+01,1.771614585862258195e+01,1.753512364512252120e+01,1.780139470074129093e+01,1.758822547962353511e+01,3.191007317307088442e+01,3.191007317307088531e-01,1.771674252000000038e+01
1.988434606749966749e+00,4.078879365545136082e+00,1.510094333304754732e+00,1.638778688247059190e+00,2.126993792769561242e+00,3.032689894799312391e+00,3.500000000000000000e+00,5.500000000000000000e+00,7.500000000000000000e+00,3.601400378831854709e+00,2.970863819444020670e+00,3.916193644377350846e+00,3.535245698662565772e+00,3.720296589008199373e+00,3.584982567119747277e+00,3.759555635563048615e+00,3.601213707486546234e+00,3.758221217564754912e+00,3.627559087172155916e+00,3.809256936398637716e+00,3.581275162312486771e+00,3.819518380705846816e+00,3.610781975108372066e+00,1.226948000291102581e+01,1.226948000291102625e-01,3.708621817000000043e+00
5.508585986659186862e-01,3.659388971658652956e+00,-8.301933194445898501e-02,1.664160482418838072e+00,2.192469577351450205e+00,1.311082006819893842e+00,3.500000000000000000e+00,5.500000000000000000e+00,7.500000000000000000e+00,1.256822013128967974e+01,1.365251093884533873e+01,1.447384309893711674e+01,1.489878233872719449e+01,1.476671349860527194e+01,1.476019471722926291e+01,1.473155256902171395e+01,1.480021855562740818e+01,1.458521034918201487e+01,1.478876167477423209e+01,1.440377325832183253e+01,1.479383577524688498e+01,1.446898868949297778e+01,1.461819508781851340e+01,2.918947589437883394e+01,2.918947589437883572e-01,1.467468601999999933e+01
6.645705873465046487e-01,4.181858147316184215e+00,-6.435108394226638495e-01,1.575071870070028357e+00,2.418608760110008582e+00,2.727332799984865108e+00,3.500000000000000000e+00,5.500000000000000000e+00,7.500000000000000000e+00,1.342306937783252607e+01,1.432341088262526085e+01,1.553804412683616576e+01,1.490114007454171308e+01,1.577411870603014243e+01,1.453107787760256286e+01,1.571066878756431784e+01,1.469805785318262181e+01,1.560719514832353205e+01,1.484548104313832262e+01,1.549616134131359146e+01,1.493545265922127996e+01,1.550502207871220861e+01,1.509973958983757214e+01,3.236889872490522180e+01,3.236889872490522069e-01,1.522372426999999995e+01
7.636196430505766131e-01,1.335836549293497155e+00,3.683548197437672478e+00,1.284726526825622051e+00,1.493996350918191718e+00,2.596115120200783721e+00,3.500000000000000000e+00,5.500000000000000000e+00,7.500000000000000000e+00,9.146101164347200552e+00,8.339364744627545178e+00,9.647977045947648378e+00,9.093272697767098123e+00,9.813177515821145391e+00,9.172945377477962126e+00,9.819390077665859806e+00,9.146460026557019063e+00,9.735089615249524542e+00,9.257076881838074200e+00,9.658114436200401443e+00,9.403344040678510041e+00,9.597307275575847285e+00,9.690053154558958326e+00,1.980502776898082473e+01,1.980502776898082351e-01,9.489779291999999700e+00
1.174051471411686753e+00,2.048666162370063049e-01,-1.770843457786256181e+00,7.396465735282963250e-01,2.046357780161404794e+00,2.792811311764190840e+00,3.500000000000000000e+00,5.500000000000000000e+00,7.500000000000000000e+00,4.871018397864660443e+01,4.985767152781683365e+01,5.187896382428338171e+01,5.161460171954063014e+01,5.216696147703098063e+01,5.182372260666752339e+01,5.217547235970999964e+01,5.201515456693667971e+01,5.205394544892504172e+01,5.220840764843415371e+01,5.186998656875221769e+01,5.231359013441827699e+01,5.172918840631382409e+01,5.142470771296467547e+01,5.202367043294740512e+01,5.202367043294739979e-01,5.201112014000000272e+01
3.069252983337956708e-01,-3.214539695745197712e-01,3.217394789942393807e+00,1.005790004156687401e+00,2.167075598986600404e+00,1.925398003210150311e+00,3.500000000000000000e+00,5.500000000000000000e+00,7.500000000000000000e+00,2.463538543106113110e+01,2.740042067778120938e+01,2.715325055839794288e+01,2.823044332390976763e+01,2.758508638046641082e+01,2.788321829610284652e+01,2.770988862112636042e+01,2.780575798781658392e+01,2.774844807712490180e+01,2.773171765245084686e+01,2.771489053293720062e+01,2.772554276058443534e+01,2.771165133263689739e+01,2.799452605108314884e+01,3.639320313112317251e+01,3.639320313112317518e-01,2.768573831000000141e+01
2.198930566233180173e+00,3.472004094530793950e+00,4.588585601909425105e-01,1.569802697728076124e+00,3.853835040239904086e-01,1.364595721496869585e+00,3.500000000000000000e+00,5.500000000000000000e+00,7.500000000000000000e+00,2.261884201073126377e+00,1.925365947871634731e+00,1.901661693962616750e+00,2.304677940151654614e+00,2.106697497946869557e+00,2.232696641924998282e+00,2.211881883399109849e+00,2.068840828773384377e+00,2.265730580347562917e+00,2.025137743422361414e+00,2.260591739536778277e+00,2.096574104915807091e+00,2.227658965249446954e+00,2.148318744696168014e+00,5.712678794986830511e+00,5.712678794986830733e-02,2.156268703999999925e+00
1.582437991221162354e+00,-9.413712403458930345e-01,1.746606711899205910e+00,1.243132737963080547e+00,2.475989778393780316e+00,2.904679030198174861e+00,3.500000000000000000e+00,5.500000000000000000e+00,7.500000000000000000e+00,2.952633752449988691e+01,2.916005888853458572e+01,3.084566292397011367e+01,3.036441050300806310e+01,3.096961336648690732e+01,3.039452786589366085e+01,3.110728215422644638e+01,3.037895140695868790e+01,3.116592575240833085e+01,3.038665518543806243e+01,3.113166932346799953e+01,3.038206678725448384e+01,3.102231895329517997e+01,3.020198988231446791e+01,4.566962137522232013e+01,4.566962137522231902e-01,3.073976894000000115e+01
1.122016639209792110e+00,-1.017615607970966174e+00,-4.699013259138531406e-01,8.526950005889079032e-01,2.054534668616190274e+00,7.728014452037602899e-02,3.500000000000000000e+00,5.500000000000000000e+00,7.500000000000000000e+00,5.071620230787268468e+01,5.034646052114478465e+01,5.235500649733534573e+01,5.235216762817100289e+01,5.254114472211961839e+01,5.230170813091674376e+01,5.267303654407120916e+01,5.217222655002035481e+01,5.267953578233709067e+01,5.212982649770450649e+01,5.261655144300117115e+01,5.226820680307960032e+01,5.254307168675676820e+01,5.175228715962403214e+01,4.201996086143481790e+01,4.201996086143481857e-01,5.245450092000000097e+01
1.732792569424643991e+00,1.358723211467119052e+00,5.971197243059712889e+00,6.602647869842513950e-01,1.198513482196780444e+00,1.797008235648802188e+00,3.500000000000000000e+00,5.500000000000000000e+00,7.500000000000000000e+00,4.176033821879621688e-01,2.509106905580714142e-01,4.307037192736985487e-01,3.943486286974164368e-01,3.565105605795393928e-01,4.031149015164225413e-01,3.767781136654168028e-01,4.104459153682067929e-01,3.906884049396883718e-01,4.076185094546295740e-01,3.909176460616826110e-01,3.971215028053430296e-01,3.953967396632946385e-01,3.749443144115348070e-01,1.659713122770787086e+00,1.659713122770787100e-02,3.927985453000000238e-01
7.092758589388481472e-02,1.885569098238422336e+00,6.077605266771866965e+00,7.092211061582887055e-01,1.719641878480753228e+00,2.224603593989304962e+00,3.500000000000000000e+00,5.500000000000000000e+00,7.500000000000000000e+00,2.763546113652791902e+00,2.755931214744174795e+00,3.167494318825783584e+00,3.170476451010496355e+00,3.061945859093325062e+00,3.244693914556284753e+00,3.078525141080001859e+00,3.251464548708144164e+00,3.136407359888848223e+00,3.250310520971985362e+00,3.158800096025796034e+00,3.236852078273364075e+00,3.167448500842506398e+00,3.158384995051307431e+00,8.161329026770467010e+00,8.161329026770466899e-02,3.176839461999999781e+00
-4.147185211402142913e-01,1.527327864053345641e+00,1.787625377125991344e+00,5.630990877321516708e-01,2.183967650273709538e+00,1.777705611328255664e+00,3.500000000000000000e+00,5.500000000000000000e+00,7.500000000000000000e+00,2.858465620436978938e+01,2.716813498319785936e+01,3.062366790599491040e+01,2.908493949308209281e+01,3.037029224001363303e+01,2.962882199450472953e+01,2.998546474781419491e+01,2.993426978631573121e+01,2.984784052650910979e+01,3.005542499823633307e+01,2.977792530325330844e+01,3.008505986229299012e+01,2.971717042994788471e+01,2.986024101211971171e+01,3.604382189806712233e+01,3.604382189806712433e-01,2.989320856000000148e+01
-5.241838926037335478e-01,8.424396754265304210e-01,5.854829656830820461e+00,1.393782907520347392e+00,1.201652833867371983e+00,2.763245756643082363e+00,3.500000000000000000e+00,5.500000000000000000e+00,7.500000000000000000e+00,1.137441910857207716e+01,1.125794704029949678e+01,1.288157435777681670e+01,1.170802303849272263e+01,1.283698236868015385e+01,1.196061811543695264e+01,1.263537899358467165e+01,1.211416231656132148e+01,1.262571285518770381e+01,1.216012670437498855e+01,1.260293515171283651e+01,1.214576181412409106e+01,1.254673134547848612e+01,1.249263236560245005e+01,2.489618707479481685e+01,2.489618707479481774e-01,1.236717735999999945e+01
1.935406544369333570e-01,2.875780045067419799e+00,5.887697955901060709e+00,4.157332714288685671e-01,2.011394761068196146e+00,2.244634715109712797e+00,3.500000000000000000e+00,5.500000000000000000e+00,7.500000000000000000e+00,1.431416467480473242e+00,1.279369029830287774e+00,1.415055901685875916e+00,1.602979366570145725e+00,1.516957113831490123e+00,1.539166981316217653e+00,1.609576409483599591e+00,1.427613997047879391e+00,1.640830977984861105e+00,1.447803570029198017e+00,1.619747228404816664e+00,1.509542201318905708e+00,1.592324865084229435e+00,1.433127652424251997e+00,5.133800873676324095e+00,5.133800873676323817e-02,1.551812718999999952e+00
1.110218036136246811e+00,1.482996427959077268e+00,5.827583857742199669e+00,1.158026544762114307e+00,2.402122523910059648e+00,2.434659899338046163e+00,3.500000000000000000e+00,5.500000000000000000e+00,7.500000000000000000e+00,3.463939142989088893e+00,2.735538825764910698e+00,4.034660814720343325e+00,3.214760148042783428e+00,3.831161725546166075e+00,3.474517141310895063e+00,3.712714967353554218e+00,3.577537920165966501e+00,3.656610908439486884e+00,3.623320550549001151e+00,3.664128814080750196e+00,3.656489888379419906e+00,3.642952178117474293e+00,3.631400888843197006e+00,1.105993580277527677e+01,1.105993580277527671e-01,3.630790646999999982e+00
3.586763348778716498e-01,1.212634568937297486e+00,3.191412445858018643e+00,1.437378878029529128e+00,1.123982425968721000e+00,1.686812946855064110e+00,3.500000000000000000e+00,5.500000000000000000e+00,7.500000000000000000e+00,1.139001706929309243e+01,1.297600614194226409e+01,1.300040662706779138e+01,1.338557403049031436e+01,1.311121191822232035e+01,1.333355735875652215e+01,1.310424283116153887e+01,1.327388358864179274e+01,1.312323621676927665e+01,1.323836303130696557e+01,1.320521923531476105e+01,1.317455113354057161e+01,1.326478058556631012e+01,1.315128101096884095e+01,2.077824000905995661e+01,2.077824000905995616e-01,1.314370034999999959e+01
1.205401519974222957e+00,3.275243038744255486e+00,-6.482971605431397943e-01,1.242005754482067292e+00,1.288406777896066613e+00,2.665934813733100928e+00,3.500000000000000000e+00,5.500000000000000000e+00,7.500000000000000000e+00,9.978372294569036072e+00,1.057396935480248601e+01,1.102187939835324038e+01,1.125109579060912068e+01,1.095403248981049416e+01,1.122815415260671479e+01,1.087728725571298405e+01,1.123019512811793419e+01,1.087409133677746098e+01,1.120819252736505334e+01,1.097969839837788619e+01,1.115568508015104321e+01,1.108836910955714217e+01,1.131612779310279215e+01,1.986495610086418040e+01,1.986495610086418118e-01,1.107129179999999913e+01
1.215558445110364483e+00,4.291418113308029803e+00,2.123274127467575489e+00,1.427972462234989415e+00,2.115698209002818686e+00,1.625970647073013309e+00,3.500000000000000000e+00,5.500000000000000000e+00,7.500000000000000000e+00,2.632770268911021283e+00,2.009959736336885072e+00,2.913882117759053703e+00,2.551985470486527241e+00,2.854469681364775191e+00,2.660764368466763674e+00,2.765879324396126826e+00,2.752742158403977513e+00,2.694874855650581047e+00,2.755221119342436964e+00,2.626276553941667036e+00,2.736244345567346858e+00,2.683901300626374109e+00,2.760404198837247414e+00,9.560175645395975863e+00,9.560175645395975474e-02,2.723806102999999812e+00
1.345305677090955943e+00,3.984758225367484030e-01,3.857233506480685747e+00,1.497755003775754323e+00,6.775326672451081889e-01,2.363695999821273208e+00,3.500000000000000000e+00,5.500000000000000000e+00,7.500000000000000000e+00,7.490936676007837747e+00,6.972593162992875904e+00,8.228660561563165388e+00,7.937576988746501527e+00,8.265872798388032905e+00,7.851185769897909061e+00,8.116254339462363632e+00,7.982057109727524136e+00,7.897871470907391611e+00,8.070799752635334556e+00,7.827607513020963026e+00,8.109853555502217759e+00,7.863457300990440935e+00,8.221634699672959457e+00,1.724406780239333159e+01,1.724406780239333137e-01,8.004030587999999113e+00
1.913176434015902094e+00,4.801954882649110967e-01,2.896020973931784148e+00,1.342804522862100614e+00,2.115534424959565118e+00,1.696774507994698089e+00,3.500000000000000000e+00,5.500000000000000000e+00,7.500000000000000000e+00,7.577317498402077689e+00,8.777533065886171215e+00,8.142734365780579964e+00,9.372205496032218974e+00,8.528875296809365736e+00,9.093846324124285729e+00,8.815544686859269063e+00,8.867297728004636781e+00,8.935068896354673385e+00,8.833275387321728900e+00,8.928631850489626487e+00,8.871609077154809953e+00,8.919758881961387331e+00,9.038979523354845114e+00,1.845754733868464115e+01,1.845754733868464059e-01,8.865347858999999886e+00
-3.796023145340780003e-01,3.695164741648546247e+00,1.887791114713953222e+00,1.617330986710168839e+00,1.110113128414985439e+00,1.453139439390934262e+00,3.500000000000000000e+00,5.500000000000000000e+00,7.500000000000000000e+00,9.103091341099995404e+00,1.027907765252838068e+01,1.002607889800145102e+01,1.066979430709334409e+01,1.027241976352842379e+01,1.046722964017616597e+01,1.039360499990722353e+01,1.041841198674030977e+01,1.042754196458671423e+01,1.036263291405897924e+01,1.041717424470699527e+01,1.035508333443803508e+01,1.040425228167516991e+01,1.024198451385239572e+01,1.591914156438812533e+01,1.591914156438812566e-01,1.035903932000000083e+01
-4.762415022407269216e-01,3.772246801567360031e+00,2.093167681521076240e+00,1.342838347505211471e+00,2.239848327879687684e+00,2.271721486799708867e+00,3.500000000000000000e+00,5.500000000000000000e+00,7.500000000000000000e+00,1.311073079052198054e+01,1.228694732034297132e+01,1.428402459260171220e+01,1.376593793202825289e+01,1.426965015286781302e+01,1.380419075187646349e+01,1.410603794443217041e+01,1.392927926545462114e+01,1.388221042276264683e+01,1.397943906113383861e+01,1.377285830077715545e+01,1.400558016180714738e+01,1.375867379309311112e+01,1.372803185473361864e+01,2.632276232910866298e+01,2.632276232910866209e-01,1.392069655999999966e+01
9.830521182446114725e-01,-9.848962604270870003e-01,4.937591152807358164e+00,1.462965758637611247e+00,1.555352583394706611e+00,2.750472603839828167e+00,3.500000000000000000e+00,5.500000000000000000e+00,7.500000000000000000e+00,1.522794141280568070e+01,1.445602801694945505e+01,1.690730079828299992e+01,1.554050286650331536e+01,1.682717141948977613e+01,1.596117004133701833e+01,1.654063062132258821e+01,1.633783785042300707e+01,1.619680910156592191e+01,1.653284974857724521e+01,1.611553948708428052e+01,1.659181430237639532e+01,1.616294812700045469e+01,1.634985902640384126e+01,3.028941172338341659e+01,3.028941172338341925e-01,1.631200571999999838e+01
6.796779497614320320e-01,2.352112950581351392e+00,4.179190409113184401e+00,1.055778104882558299e+00,2.251329875410834624e+00,2.223402655400398054e+00,3.500000000000000000e+00,5.500000000000000000e+00,7.500000000000000000e+00,5.182287103848519649e+00,4.300756354970726392e+00,5.730985750199347528e+00,4.952543468105949032e+00,5.585458478208261468e+00,5.248934978885264613e+00,5.380377967552477436e+00,5.386183439759152591e+00,5.371654318618809931e+00,5.459193304749430098e+00,5.413972858127815257e+00,5.464693144323171659e+00,5.412706024304184460e+00,5.162275916508991536e+00,1.318591388399070397e+01,1.318591388399070474e-01,5.384603543999999964e+00
1.487067301438307565e+00,2.225423522778968710e+00,3.457406238630847284e+00,7.204471259624635193e-01,2.279177556084838407e+00,1.965530839122350493e+00,3.500000000000000000e+00,5.500000000000000000e+00,7.500000000000000000e+00,2.903860873255156516e+00,2.665144137968315174e+00,3.416147248467408915e+00,3.088700696891770292e+00,3.335326911652404913e+00,3.199620898780543676e+00,3.125692697619271154e+00,3.292345171849633712e+00,3.076615380206752626e+00,3.306687768682186057e+00,3.116710451124369730e+00,3.273897770939284246e+00,3.186940704743908448e+00,3.152765376423651400e+00,9.221436491314570105e+00,9.221436491314570494e-02,3.194596106000000102e+00
3.675702665301294747e-02,4.677530181971117251e+00,2.150950711521644187e+00,1.657596087295072129e+00,2.431227996038475059e+00,1.691358193377161978e+00,3.500000000000000000e+00,5.500000000000000000e+00,7.500000000000000000e+00,5.350679708840417881e+00,7.149119721313669018e+00,6.650578879939321730e+00,7.413158773587824157e+00,6.906540132850532920e+00,7.317738925730698618e+00,7.033089929999642109e+00,7.304575135976342004e+00,7.039146909578128053e+00,7.236991647686051188e+00,7.102918231937568549e+00,7.158398559774427738e+00,7.145873910073671453e+00,7.296351889889947984e+00,1.888873045777354065e+01,1.888873045777353932e-01,7.189057453000000208e+00
1.027687658161874351e-01,1.552186314516567078e+00,1.068152676070360796e+00,1.180145921132767617e+00,8.906290087704058500e-01,2.064272298795207128e+00,3.500000000000000000e+00,5.500000000000000000e+00,7.500000000000000000e+00,2.147857514211297314e+01,2.407577232936849754e+01,2.395338497395313127e+01,2.476517121108471287e+01,2.428763731420150407e+01,2.449329172571841440e+01,2.436598091633711505e+01,2.451660400440343324e+01,2.438315522350731968e+01,2.459572680514837018e+01,2.440463648860985657e+01,2.463152972960455855e+01,2.445654387766066762e+01,2.472964248760471406e+01,2.973280374088318112e+01,2.973280374088317912e-01,2.452633027999999982e+01
2.197605860069860917e+00,1.517314857658356386e+00,2.338500607631809558e+00,1.567330001621225488e+00,2.190027410500023919e+00,2.671443024853263015e+00,3.500000000000000000e+00,5.500000000000000000e+00,7.500000000000000000e+00,7.427580451202192791e+00,5.996492156320758937e+00,7.715860199644366091e+00,7.335516080898134561e+00,7.778837536037561229e+00,7.557809000721541715e+00,7.681708071993377018e+00,7.527808714905575016e+00,7.531589127058544442e+00,7.536075627567751845e+00,7.419609244194097286e+00,7.627120163097610650e+00,7.426998573219800726e+00,7.338992078459090074e+00,1.974544318762011486e+01,1.974544318762011530e-01,7.532274885999999725e+00
2.292728379156234730e+00,2.766898870024270707e+00,-1.340095891049742916e+00,1.326250869502477503e+00,8.480506295387955085e-01,2.339592371565701878e+00,3.500000000000000000e+00,5.500000000000000000e+00,7.500000000000000000e+00,7.612188395996656531e+00,7.043548901265220152e+00,8.136924158603994428e+00,7.577283331865930727e+00,8.106893269188180540e+00,7.569099609678785257e+00,8.018591424486023911e+00,7.766231414609257477e+00,7.862784598729064989e+00,7.857189604927087068e+00,7.754956357590194749e+00,7.905473455078086964e+00,7.819245332999687825e+00,8.089877583183072929e+00,1.404466355059824245e+01,1.404466355059824367e-01,7.852363423999999981e+00
1.387186234441615262e+00,2.659153271915500660e+00,3.803837281310161522e+00,1.062097178530698294e+00,1.719115814339167381e+00,2.686044946901068986e+00,3.500000000000000000e+00,5.500000000000000000e+00,7.500000000000000000e+00,2.578277888786008276e+00,2.353628864179879709e+00,2.105891762652200683e+00,2.849028326215417906e+00,2.375195488452521708e+00,2.628433750941419067e+00,2.622499815340749052e+00,2.399382991071365101e+00,2.709743277699003805e+00,2.354930952469767913e+00,2.698321810975333968e+00,2.426883861871633741e+00,2.628822586022077079e+00,2.430327554326954687e+00,8.112490518690519181e+00,8.112490518690519681e-02,2.539990554000000067e+00
7.688045089579729208e-01,-6.554592590225805093e-01,-5.973837780462727398e-01,1.474690477190692128e+00,2.369592669004110697e+00,1.421834334596156824e+00,3.500000000000000000e+00,5.500000000000000000e+00,7.500000000000000000e+00,6.531866483796966349e+01,6.721705394662502897e+01,7.014050392836099945e+01,6.861924477614313389e+01,7.038046723396534787e+01,6.837031327836645289e+01,7.018383842053705735e+01,6.867042971142220154e+01,6.995314868757107263e+01,6.894869784509923250e+01,6.991629291061707363e+01,6.908764741057490255e+01,6.990607992246678748e+01,6.898047272933285967e+01,7.302249884725348750e+01,7.302249884725349194e-01,6.945355591000000572e+01
1.649881414160242032e+00,1.577829622796358633e+00,1.657928362787304266e-01,1.337803725451049752e+00,1.890501148868146686e+00,2.407547805498465365e+00,3.500000000000000000e+00,5.500000000000000000e+00,7.500000000000000000e+00,1.422433638078411455e+01,1.555835410256609208e+01,1.539227543550631871e+01,1.686025108242757042e+01,1.550962746461187614e+01,1.680169691254330999e+01,1.580540024216450057e+01,1.658538907494182979e+01,1.596451469963637138e+01,1.640340558036826124e+01,1.602088121727117098e+01,1.626448362729896502e+01,1.609924085157741658e+01,1.576540643898771066e+01,2.800486912749335033e+01,2.800486912749334811e-01,1.624403122000000010e+01
9.192519622506238886e-01,4.854098465983980759e+00,5.820983643607938518e+00,1.257379480271528127e+00,1.791411147276559479e+00,8.855516090366021276e-01,3.500000000000000000e+00,5.500000000000000000e+00,7.500000000000000000e+00,3.000601198823655835e-01,1.441742923163424062e-01,3.907825259626134806e-01,2.704878557060178546e-01,3.703489738056100489e-01,3.041241632775270598e-01,3.581259163496928188e-01,3.188935945182103104e-01,3.407958627496775472e-01,3.309731466770425290e-01,3.230875010541552350e-01,3.356392922231388187e-01,3.140719565599952579e-01,3.204495914088095754e-01,1.429886115577770678e+00,1.429886115577770622e-02,3.264140864000000253e-01
-3.383242446446699248e-02,-4.761070131136474481e-01,2.886507943818964250e+00,6.172396534533171053e-01,2.314881574008774034e+00,3.929672917577861635e-01,3.500000000000000000e+00,5.500000000000000000e+00,7.500000000000000000e+00,3.019076121984640082e+01,3.331826816055140483e+01,3.291875826626619528e+01,3.414195742941571154e+01,3.330329616556943506e+01,3.388517403022543562e+01,3.346855830526583020e+01,3.373589079975270977e+01,3.354651332843651090e+01,3.372141397823377673e+01,3.358167999467177367e+01,3.371632133877352544e+01,3.360211544851449617e+01,3.344781679549015507e+01,3.175846840861811060e+01,3.175846840861811238e-01,3.362330683999999792e+01
1.128350569670272030e+00,3.364620524684376335e-01,6.195911809436442930e+00,8.436713861932126912e-01,1.599648433699758066e+00,2.767896762725282844e+00,3.500000000000000000e+00,5.500000000000000000e+00,7.500000000000000000e+00,3.300906173710430824e+00,3.611769964930181764e+00,3.768963805250945320e+00,3.919632929733207316e+00,3.799509807448876675e+00,3.877532285105395715e+00,3.884434560083314558e+00,3.814212942687410290e+00,3.965996484228647034e+00,3.711219955204712484e+00,3.999616841984772186e+00,3.754018765745375408e+00,3.985547682235000000e+00,3.848805180000812065e+00,9.933384774944235218e+00,9.933384774944235829e-02,3.860440883999999961e+00
2.050901924234943330e+00,2.571479354035316689e+00,1.329153138435257953e+00,2.212805036031589567e-01,1.514105170087881813e+00,2.561199784859318651e+00,3.500000000000000000e+00,5.500000000000000000e+00,7.500000000000000000e+00,2.852547379855961296e+00,2.683494430115894502e+00,3.230897526699596511e+00,2.731708073143438220e+00,3.265925241639529020e+00,2.592314935078946281e+00,3.263306369050690048e+00,2.700089205850542573e+00,3.215241652441889642e+00,2.823434205139414122e+00,3.151634953674928408e+00,2.896471668143991263e+00,3.123651615019813477e+00,2.966453807735580650e+00,6.594696100415882611e+00,6.594696100415882445e-02,3.017289471999999861e+00
1.957237010619764517e+00,2.123537398237260732e+00,2.000268610568099348e+00,1.643588764501920263e+00,1.876076035909997941e+00,1.139636437401057245e+00,3.500000000000000000e+00,5.500000000000000000e+00,7.500000000000000000e+00,5.380991493567469419e+00,4.306018151893668211e+00,5.317580274100150106e+00,5.404354026422006463e+00,4.743582954880512403e+00,5.491378307917856638e+00,4.994491431956229910e+00,5.442877145299032549e+00,5.135455581251868296e+00,5.306386412851380463e+00,5.226811235736303018e+00,5.127621182415131429e+00,5.292183750832839984e+00,5.127376122024744021e+00,1.288282596011252856e+01,1.288282596011252890e-01,5.204903393999999572e+00
1.257650535237667011e+00,1.303298454592505484e+00,7.092199524691441326e+00,4.786419044228522601e-01,1.941566137360850153e+00,2.594731062803565802e+00,3.500000000000000000e+00,5.500000000000000000e+00,7.500000000000000000e+00,8.588352126396685549e-01,7.894128241514496436e-01,1.205473528183374166e+00,1.057104371337980631e+00,1.210897292671580194e+00,1.099368624188601151e+00,1.204930316528234790e+00,1.140629326590816284e+00,1.163857890875309442e+00,1.182398539795588732e+00,1.135833176799562194e+00,1.198809778329385844e+00,1.128256032960150312e+00,1.173699544134902073e+00,4.653942928012883229e+00,4.653942928012883007e-02,1.152213361999999908e+00
1.407595870809854821e+00,4.702602037115599209e+00,1.920925942029241273e-01,1.294360792121561632e+00,2.034228377871537319e+00,1.198471934673253747e+00,3.500000000000000000e+00,5.500000000000000000e+00,7.500000000000000000e+00,2.660356988224898966e+00,2.618641710944154433e+00,3.018814454272467529e+00,3.114950407783169339e+00,2.979637445371376092e+00,3.115762856020827254e+00,2.986818723294244471e+00,3.046651113453056503e+00,3.072463186725941320e+00,3.003234058111856175e+00,3.110277442900323930e+00,2.994265438144151137e+00,3.096778656036009103e+00,2.932693699670708476e+00,9.095093227966710714e+00,9.095093227966710714e-02,3.037579717999999929e+00
6.869381427935776774e-01,3.389414831719404830e+00,3.191197756324922530e+00,1.355540639256491930e+00,2.310367313230974773e+00,1.563321637556229771e+00,3.500000000000000000e+00,5.500000000000000000e+00,7.500000000000000000e+00,4.700095250378321765e+00,4.444244524931461271e+00,5.034504177095453059e+00,4.939176927316767163e+00,5.134228417210028539e+00,4.815379758640783159e+00,5.170955467582714959e+00,4.685540442916469317e+00,5.158232222666319089e+00,4.842068605155017025e+00,5.148700286180368124e+00,4.919815825497532380e+00,5.104199930613109615e+00,5.106840516107790329e+00,1.356874792149770848e+01,1.356874792149770914e-01,5.015293988999999897e+00
1.463160761754559669e+00,3.878134721430498644e+00,7.797533828644498399e+00,1.059220856903112074e+00,2.366000921261273593e+00,1.994404115554753609e+00,3.500000000000000000e+00,5.500000000000000000e+00,7.500000000000000000e+00,7.088176160905533540e-02,1.193790930461199190e-01,7.525803729954597121e-02,1.783923170792506840e-01,1.264959421734345446e-01,1.232447185938082973e-01,1.502974806847010014e-01,1.245012278831382352e-01,1.518750131158408956e-01,1.293894768782682947e-01,1.398020513131459641e-01,1.425724544023414253e-01,1.270439832052578932e-01,1.424346370395557781e-01,1.112916020693438091e+00,1.112916020693438014e-02,1.373333418000000083e-01
